raceId,adjusted_avg_laptime,year,DPS,driverRef,driverId,constructorRef,rank,inverse_adjustment_factor,avg_laptime,name
1098,98510.16789,2023,20,gasly,842,alpine,1,0.983292249,100184.0175,Bahrain Grand Prix
1098,98680.2866,2023,19,bottas,822,alfa,2,0.98518112,100164.614,Bahrain Grand Prix
1098,98688.27472,2023,18,alonso,4,aston_martin,3,0.991165102,99567.94737,Bahrain Grand Prix
1098,98778.39367,2023,17,tsunoda,852,alphatauri,4,0.983023001,100484.3158,Bahrain Grand Prix
1098,98890.10526,2023,16,max_verstappen,830,red_bull,5,1,98890.10526,Bahrain Grand Prix
1098,98922.01451,2023,15,albon,848,williams,6,0.984640702,100465.0877,Bahrain Grand Prix
1098,98964.14901,2023,14,stroll,840,aston_martin,7,0.991165102,99846.2807,Bahrain Grand Prix
1098,99100.40351,2023,13,perez,815,red_bull,8,1,99100.40351,Bahrain Grand Prix
1098,99121.78599,2023,12,hamilton,1,mercedes,9,0.993359159,99784.4386,Bahrain Grand Prix
1098,99129.96865,2023,11,sargeant,858,williams,10,0.984640702,100676.2857,Bahrain Grand Prix
1098,99207.11031,2023,10,russell,847,mercedes,11,0.993359159,99870.33333,Bahrain Grand Prix
1098,99256.97672,2023,9,leclerc,844,ferrari,12,0.996115427,99644.05128,Bahrain Grand Prix
1098,99342.53154,2023,8,de_vries,856,alphatauri,13,0.983023001,101058.1964,Bahrain Grand Prix
1098,99345.70224,2023,7,sainz,832,ferrari,14,0.996115427,99733.12281,Bahrain Grand Prix
1098,99486.49009,2023,6,kevin_magnussen,825,haas,15,0.985451551,100955.2321,Bahrain Grand Prix
1098,99612.38152,2023,5,hulkenberg,807,haas,16,0.985451551,101082.9821,Bahrain Grand Prix
1098,99861.9166,2023,4,zhou,855,alfa,17,0.98518112,101364.0179,Bahrain Grand Prix
1098,100864.8087,2023,3,norris,846,mclaren,18,0.983023001,102606.7636,Bahrain Grand Prix
1098,101196.7449,2023,2,ocon,839,alpine,19,0.983292249,102916.2439,Bahrain Grand Prix
1098,101522.4566,2023,1,piastri,857,mclaren,20,0.983023001,103275.7692,Bahrain Grand Prix
1099,80670.63498,2023,20,sargeant,858,williams,1,0.813017479,99223.74,Saudi Arabian Grand Prix
1099,85094.20347,2023,19,albon,848,williams,2,0.813017479,104664.6667,Saudi Arabian Grand Prix
1099,96858.20383,2023,18,stroll,840,aston_martin,3,0.995213964,97324,Saudi Arabian Grand Prix
1099,97272.24368,2023,17,russell,847,mercedes,4,0.992419989,98015.2,Saudi Arabian Grand Prix
1099,97375.43551,2023,16,hamilton,1,mercedes,5,0.992419989,98119.18,Saudi Arabian Grand Prix
1099,97443.82753,2023,15,alonso,4,aston_martin,6,0.995213964,97912.44,Saudi Arabian Grand Prix
1099,97497.88,2023,14,perez,815,red_bull,7,1,97497.88,Saudi Arabian Grand Prix
1099,97588.29922,2023,13,ocon,839,alpine,8,0.990196078,98554.52,Saudi Arabian Grand Prix
1099,97604.98,2023,12,max_verstappen,830,red_bull,9,1,97604.98,Saudi Arabian Grand Prix
1099,97605.26022,2023,11,tsunoda,852,alphatauri,10,0.987430168,98847.76,Saudi Arabian Grand Prix
1099,97626.22373,2023,10,gasly,842,alpine,11,0.990196078,98592.82,Saudi Arabian Grand Prix
1099,97802.43028,2023,9,de_vries,856,alphatauri,12,0.987430168,99047.44,Saudi Arabian Grand Prix
1099,97880.66256,2023,8,kevin_magnussen,825,haas,13,0.990751121,98794.4,Saudi Arabian Grand Prix
1099,97910.7273,2023,7,sainz,832,ferrari,14,0.996897913,98215.4,Saudi Arabian Grand Prix
1099,97924.04091,2023,6,piastri,857,mclaren,15,0.987154426,99198.3,Saudi Arabian Grand Prix
1099,97952.15507,2023,5,norris,846,mclaren,16,0.987154426,99226.78,Saudi Arabian Grand Prix
1099,97994.83672,2023,4,hulkenberg,807,haas,17,0.990751121,98909.64,Saudi Arabian Grand Prix
1099,98048.30471,2023,3,zhou,855,alfa,18,0.990196078,99019.08,Saudi Arabian Grand Prix
1099,98055.99526,2023,2,leclerc,844,ferrari,19,0.996897913,98361.12,Saudi Arabian Grand Prix
1099,99110.09964,2023,1,bottas,822,alfa,20,0.990196078,100091.3878,Saudi Arabian Grand Prix
1100,101484.9656,2023,20,albon,848,williams,1,0.985544491,102973.5,Australian Grand Prix
1100,107135.6719,2023,19,kevin_magnussen,825,haas,2,0.988720593,108357.8846,Australian Grand Prix
1100,123254.0112,2023,18,de_vries,856,alphatauri,3,0.985228003,125102.0179,Australian Grand Prix
1100,123297.4235,2023,17,sargeant,858,williams,4,0.985544491,125105.8929,Australian Grand Prix
1100,123729.9758,2023,16,gasly,842,alpine,5,0.989358272,125060.8393,Australian Grand Prix
1100,123754.2327,2023,15,ocon,839,alpine,6,0.989358272,125085.3571,Australian Grand Prix
1100,155268.5597,2023,14,zhou,855,alfa,7,0.982703395,158001.4483,Australian Grand Prix
1100,155282.1142,2023,13,bottas,822,alfa,8,0.982703395,158015.2414,Australian Grand Prix
1100,155633.2741,2023,12,norris,846,mclaren,9,0.985228003,157966.7586,Australian Grand Prix
1100,155661.8287,2023,11,piastri,857,mclaren,10,0.985228003,157995.7414,Australian Grand Prix
1100,155673.2098,2023,10,tsunoda,852,alphatauri,11,0.985228003,158007.2931,Australian Grand Prix
1100,156206.0913,2023,9,hulkenberg,807,haas,12,0.988720593,157988.1034,Australian Grand Prix
1100,156603.2846,2023,8,sainz,832,ferrari,13,0.991596639,157930.431,Australian Grand Prix
1100,156893.4335,2023,7,alonso,4,aston_martin,14,0.993523316,157916.2069,Australian Grand Prix
1100,156933.0546,2023,6,stroll,840,aston_martin,15,0.993523316,157956.0862,Australian Grand Prix
1100,157188.7456,2023,5,hamilton,1,mercedes,16,0.995457495,157906.0345,Australian Grand Prix
1100,157902.9483,2023,4,max_verstappen,830,red_bull,17,1,157902.9483,Australian Grand Prix
1100,157909.4225,2023,3,russell,847,mercedes,18,0.995457495,158630,Australian Grand Prix
1100,157960.1897,2023,2,perez,815,red_bull,19,1,157960.1897,Australian Grand Prix
1101,108218.7152,2023,20,gasly,842,alpine,1,0.976190476,110858.1961,Azerbaijan Grand Prix
1101,108342.4043,2023,19,ocon,839,alpine,2,0.976190476,110984.902,Azerbaijan Grand Prix
1101,108419.874,2023,18,alonso,4,aston_martin,3,0.990142928,109499.2157,Azerbaijan Grand Prix
1101,108557.2746,2023,17,kevin_magnussen,825,haas,4,0.979522184,110826.7647,Azerbaijan Grand Prix
1101,108994.4093,2023,16,stroll,840,aston_martin,5,0.990142928,110079.4706,Azerbaijan Grand Prix
1101,109067.3725,2023,15,perez,815,red_bull,6,1,109067.3725,Azerbaijan Grand Prix
1101,109076.3281,2023,14,hamilton,1,mercedes,7,0.991853863,109972.1765,Azerbaijan Grand Prix
1101,109109.2745,2023,13,max_verstappen,830,red_bull,8,1,109109.2745,Azerbaijan Grand Prix
1101,109165.2595,2023,12,hulkenberg,807,haas,9,0.979522184,111447.46,Azerbaijan Grand Prix
1101,109320.1465,2023,11,leclerc,844,ferrari,10,0.998508946,109483.3922,Azerbaijan Grand Prix
1101,109374.8243,2023,10,de_vries,856,alphatauri,11,0.988681102,110627,Azerbaijan Grand Prix
1101,109458.5908,2023,9,tsunoda,852,alphatauri,12,0.988681102,110711.7255,Azerbaijan Grand Prix
1101,109497.0008,2023,8,albon,848,williams,13,0.988194786,110805.0784,Azerbaijan Grand Prix
1101,109552.7528,2023,7,norris,846,mclaren,14,0.990142928,110643.3725,Azerbaijan Grand Prix
1101,109622.7229,2023,6,russell,847,mercedes,15,0.991853863,110523.0588,Azerbaijan Grand Prix
1101,109671.667,2023,5,piastri,857,mclaren,16,0.990142928,110763.4706,Azerbaijan Grand Prix
1101,109735.7176,2023,4,sargeant,858,williams,17,0.988194786,111046.6471,Azerbaijan Grand Prix
1101,109795.3976,2023,3,sainz,832,ferrari,18,0.998508946,109959.3529,Azerbaijan Grand Prix
1101,109934.3314,2023,2,bottas,822,alfa,19,0.984803922,111630.68,Azerbaijan Grand Prix
1101,111129.8156,2023,1,zhou,855,alfa,20,0.984803922,112844.6111,Azerbaijan Grand Prix
1102,91943.37313,2023,20,alonso,4,aston_martin,1,0.991716652,92711.33333,Miami Grand Prix
1102,92011.27775,2023,19,russell,847,mercedes,2,0.991150442,92832.80702,Miami Grand Prix
1102,92209.5164,2023,18,tsunoda,852,alphatauri,3,0.987485779,93378.07018,Miami Grand Prix
1102,92249.84211,2023,17,max_verstappen,830,red_bull,4,1,92249.84211,Miami Grand Prix
1102,92324.6204,2023,16,hamilton,1,mercedes,5,0.991150442,93148.94737,Miami Grand Prix
1102,92344.29825,2023,15,perez,815,red_bull,6,1,92344.29825,Miami Grand Prix
1102,92475.1998,2023,14,kevin_magnussen,825,haas,7,0.990584879,93354.14035,Miami Grand Prix
1102,92480.6967,2023,13,gasly,842,alpine,8,0.992,93226.50877,Miami Grand Prix
1102,92515.55028,2023,12,albon,848,williams,9,0.989173789,93528.10526,Miami Grand Prix
1102,92523.38751,2023,11,ocon,839,alpine,10,0.992,93269.54386,Miami Grand Prix
1102,92573.43166,2023,10,bottas,822,alfa,11,0.99001996,93506.63158,Miami Grand Prix
1102,92612.32951,2023,9,stroll,840,aston_martin,12,0.991716652,93385.87719,Miami Grand Prix
1102,92615.04389,2023,8,norris,846,mclaren,13,0.987485779,93788.73684,Miami Grand Prix
1102,92636.38744,2023,7,de_vries,856,alphatauri,14,0.987485779,93810.35088,Miami Grand Prix
1102,92641.10636,2023,6,sainz,832,ferrari,15,0.997128087,92907.92982,Miami Grand Prix
1102,92683.83088,2023,5,hulkenberg,807,haas,16,0.990584879,93564.75439,Miami Grand Prix
1102,92691.59141,2023,4,zhou,855,alfa,17,0.99001996,93625.98246,Miami Grand Prix
1102,92911.85288,2023,3,leclerc,844,ferrari,18,0.997128087,93179.45614,Miami Grand Prix
1102,93083.77759,2023,2,piastri,857,mclaren,19,0.987485779,94263.41071,Miami Grand Prix
1102,93488.03362,2023,1,sargeant,858,williams,20,0.989173789,94511.23214,Miami Grand Prix
1104,80473.17577,2023,20,stroll,840,aston_martin,1,0.99617125,80782.4717,Monaco Grand Prix
1104,82788.74611,2023,19,max_verstappen,830,red_bull,2,0.988601036,83743.33333,Monaco Grand Prix
1104,83779.292,2023,18,alonso,4,aston_martin,3,0.99617125,84101.29487,Monaco Grand Prix
1104,83892.37819,2023,17,hamilton,1,mercedes,4,0.995824635,84244.12821,Monaco Grand Prix
1104,83974.71855,2023,16,bottas,822,alfa,5,0.98553719,85207.05195,Monaco Grand Prix
1104,83982.81131,2023,15,ocon,839,alpine,6,0.997212544,84217.5641,Monaco Grand Prix
1104,84048.41625,2023,14,russell,847,mercedes,7,0.995824635,84400.82051,Monaco Grand Prix
1104,84148.5987,2023,13,norris,846,mclaren,8,0.991340492,84883.64935,Monaco Grand Prix
1104,84276.03101,2023,12,piastri,857,mclaren,9,0.991340492,85012.19481,Monaco Grand Prix
1104,84307.18665,2023,11,gasly,842,alpine,10,0.997212544,84542.84615,Monaco Grand Prix
1104,84523.66277,2023,10,zhou,855,alfa,11,0.98553719,85764.05195,Monaco Grand Prix
1104,84536.79487,2023,9,leclerc,844,ferrari,12,1,84536.79487,Monaco Grand Prix
1104,84556.03846,2023,8,sainz,832,ferrari,13,1,84556.03846,Monaco Grand Prix
1104,84910.22976,2023,7,albon,848,williams,14,0.98894264,85859.61039,Monaco Grand Prix
1104,84951.94857,2023,6,de_vries,856,alphatauri,15,0.992715921,85575.28571,Monaco Grand Prix
1104,85157.13028,2023,5,hulkenberg,807,haas,16,0.983505155,86585.34211,Monaco Grand Prix
1104,85419.61293,2023,4,tsunoda,852,alphatauri,17,0.992715921,86046.38158,Monaco Grand Prix
1104,85605.09703,2023,3,perez,815,red_bull,18,0.988601036,86592.15789,Monaco Grand Prix
1104,85946.44139,2023,2,sargeant,858,williams,19,0.98894264,86907.40789,Monaco Grand Prix
1104,86503.47932,2023,1,kevin_magnussen,825,haas,20,0.983505155,87954.27143,Monaco Grand Prix
1105,79968.78788,2023,20,max_verstappen,830,red_bull,1,1,79968.78788,Spanish Grand Prix
1105,80058.20027,2023,19,hamilton,1,mercedes,2,0.996569468,80333.78788,Spanish Grand Prix
1105,80109.65237,2023,18,sainz,832,ferrari,3,0.993162393,80661.18182,Spanish Grand Prix
1105,80180.07483,2023,17,tsunoda,852,alphatauri,4,0.989441417,81035.69697,Spanish Grand Prix
1105,80183.51133,2023,16,russell,847,mercedes,5,0.996569468,80459.5303,Spanish Grand Prix
1105,80271.37878,2023,15,albon,848,williams,6,0.983412322,81625.35385,Spanish Grand Prix
1105,80311.40854,2023,14,zhou,855,alfa,7,0.990791269,81057.84848,Spanish Grand Prix
1105,80422.81825,2023,13,de_vries,856,alphatauri,8,0.989441417,81281.03077,Spanish Grand Prix
1105,80457.34708,2023,12,stroll,840,aston_martin,9,0.994182067,80928.18182,Spanish Grand Prix
1105,80469.50322,2023,11,alonso,4,aston_martin,10,0.994182067,80940.40909,Spanish Grand Prix
1105,80511.39394,2023,10,perez,815,red_bull,11,1,80511.39394,Spanish Grand Prix
1105,80541.84354,2023,9,leclerc,844,ferrari,12,0.993162393,81096.34848,Spanish Grand Prix
1105,80634.01586,2023,8,sargeant,858,williams,13,0.983412322,81994.10769,Spanish Grand Prix
1105,80687.47402,2023,7,hulkenberg,807,haas,14,0.990453461,81465.18462,Spanish Grand Prix
1105,80712.28598,2023,6,ocon,839,alpine,15,0.996227709,81017.90909,Spanish Grand Prix
1105,80777.01059,2023,5,gasly,842,alpine,16,0.996227709,81082.87879,Spanish Grand Prix
1105,80902.80263,2023,4,piastri,857,mclaren,17,0.995544894,81264.84615,Spanish Grand Prix
1105,81004.16009,2023,3,kevin_magnussen,825,haas,18,0.990453461,81784.92308,Spanish Grand Prix
1105,81212.61473,2023,2,bottas,822,alfa,19,0.990791269,81967.43077,Spanish Grand Prix
1105,81302.78194,2023,1,norris,846,mclaren,20,0.995544894,81666.61538,Spanish Grand Prix
1106,78772.79807,2023,20,tsunoda,852,alphatauri,1,0.965391621,81596.72857,Canadian Grand Prix
1106,78888.29128,2023,19,bottas,822,alfa,2,0.968331303,81468.28571,Canadian Grand Prix
1106,79371.24,2023,18,zhou,855,alfa,3,0.968331303,81967.02899,Canadian Grand Prix
1106,79552.89533,2023,17,ocon,839,alpine,4,0.976958525,81429.14286,Canadian Grand Prix
1106,79602.53878,2023,16,gasly,842,alpine,5,0.976958525,81479.95714,Canadian Grand Prix
1106,79707.00413,2023,15,alonso,4,aston_martin,6,0.987884436,80684.54286,Canadian Grand Prix
1106,79936.03522,2023,14,de_vries,856,alphatauri,7,0.965391621,82801.66667,Canadian Grand Prix
1106,79995.55354,2023,13,hamilton,1,mercedes,8,0.990654206,80750.22857,Canadian Grand Prix
1106,80169.66975,2023,12,max_verstappen,830,red_bull,9,0.995305164,80547.82857,Canadian Grand Prix
1106,80181.09092,2023,11,albon,848,williams,10,0.984825023,81416.58571,Canadian Grand Prix
1106,80233.92034,2023,10,leclerc,844,ferrari,11,0.992819232,80814.22857,Canadian Grand Prix
1106,80274.93796,2023,9,sainz,832,ferrari,12,0.992819232,80855.54286,Canadian Grand Prix
1106,80439.1948,2023,8,sargeant,858,williams,13,0.984825023,81678.66667,Canadian Grand Prix
1106,80480.82812,2023,7,stroll,840,aston_martin,14,0.987884436,81467.85714,Canadian Grand Prix
1106,80617.12046,2023,6,hulkenberg,807,haas,15,0.983606557,81960.73913,Canadian Grand Prix
1106,80895.21878,2023,5,perez,815,red_bull,16,0.995305164,81276.8,Canadian Grand Prix
1106,81377.14897,2023,4,kevin_magnussen,825,haas,17,0.983606557,82733.43478,Canadian Grand Prix
1106,81453.01429,2023,3,norris,846,mclaren,18,1,81453.01429,Canadian Grand Prix
1106,81477.84286,2023,2,piastri,857,mclaren,19,1,81477.84286,Canadian Grand Prix
1106,82014.91589,2023,1,russell,847,mercedes,20,0.990654206,82788.64151,Canadian Grand Prix
1107,72143.83495,2023,20,norris,846,mclaren,1,0.992689496,72675.12676,Austrian Grand Prix
1107,72164.47032,2023,19,max_verstappen,830,red_bull,2,0.998065764,72304.32394,Austrian Grand Prix
1107,72283.05692,2023,18,alonso,4,aston_martin,3,0.993836672,72731.32394,Austrian Grand Prix
1107,72306.06156,2023,17,albon,848,williams,4,0.986615679,73286.95775,Austrian Grand Prix
1107,72359.28686,2023,16,gasly,842,alpine,5,0.989643268,73116.53521,Austrian Grand Prix
1107,72376.92958,2023,15,leclerc,844,ferrari,6,1,72376.92958,Austrian Grand Prix
1107,72379.46135,2023,14,hamilton,1,mercedes,7,0.993453985,72856.38028,Austrian Grand Prix
1107,72406.08658,2023,13,perez,815,red_bull,8,0.998065764,72546.40845,Austrian Grand Prix
1107,72508.28855,2023,12,russell,847,mercedes,9,0.993453985,72986.05634,Austrian Grand Prix
1107,72586.59809,2023,11,sargeant,858,williams,10,0.986615679,73571.3,Austrian Grand Prix
1107,72605.40845,2023,10,sainz,832,ferrari,11,1,72605.40845,Austrian Grand Prix
1107,72685.15484,2023,9,stroll,840,aston_martin,12,0.993836672,73135.91549,Austrian Grand Prix
1107,72749.34111,2023,8,ocon,839,alpine,13,0.989643268,73510.67143,Austrian Grand Prix
1107,72786.36622,2023,7,zhou,855,alfa,14,0.987748851,73689.14286,Austrian Grand Prix
1107,72802.16308,2023,6,de_vries,856,alphatauri,15,0.986993114,73761.57143,Austrian Grand Prix
1107,73016.05859,2023,5,tsunoda,852,alphatauri,16,0.986993114,73978.28571,Austrian Grand Prix
1107,73042.39072,2023,4,bottas,822,alfa,17,0.987748851,73948.34286,Austrian Grand Prix
1107,73195.66012,2023,3,kevin_magnussen,825,haas,18,0.988127154,74075.14286,Austrian Grand Prix
1107,73461.51861,2023,2,piastri,857,mclaren,19,0.992689496,74002.51429,Austrian Grand Prix
1107,81073.77442,2023,1,hulkenberg,807,haas,20,0.988127154,82047.91667,Austrian Grand Prix
1108,91399.23119,2023,20,kevin_magnussen,825,haas,1,0.965077605,94706.6129,British Grand Prix
1108,93936.11763,2023,19,ocon,839,alpine,2,0.987241282,95150.11111,British Grand Prix
1108,95461.04107,2023,18,hulkenberg,807,haas,3,0.965077605,98915.40385,British Grand Prix
1108,96078.29285,2023,17,tsunoda,852,alphatauri,4,0.970457079,99003.13462,British Grand Prix
1108,96113.80784,2023,16,de_vries,856,alphatauri,5,0.970457079,99039.73077,British Grand Prix
1108,96192.08303,2023,15,bottas,822,alfa,6,0.972625698,98899.38462,British Grand Prix
1108,96266.71334,2023,14,zhou,855,alfa,7,0.972625698,98976.11538,British Grand Prix
1108,97257.46259,2023,13,max_verstappen,830,red_bull,8,0.988362191,98402.65385,British Grand Prix
1108,97502.31031,2023,12,perez,815,red_bull,9,0.988362191,98650.38462,British Grand Prix
1108,97528.88239,2023,11,alonso,4,aston_martin,10,0.987801418,98733.28846,British Grand Prix
1108,97597.26911,2023,10,albon,848,williams,11,0.988362191,98746.46154,British Grand Prix
1108,97629.37219,2023,9,stroll,840,aston_martin,12,0.987801418,98835.01923,British Grand Prix
1108,97706.63519,2023,8,sargeant,858,williams,13,0.988362191,98857.11538,British Grand Prix
1108,98363.60115,2023,7,hamilton,1,mercedes,14,0.998279817,98533.09615,British Grand Prix
1108,98448.51253,2023,6,russell,847,mercedes,15,0.998279817,98618.15385,British Grand Prix
1108,98475.69231,2023,5,norris,846,mclaren,16,1,98475.69231,British Grand Prix
1108,98552.19231,2023,4,piastri,857,mclaren,17,1,98552.19231,British Grand Prix
1108,98705.36306,2023,3,leclerc,844,ferrari,18,0.999425947,98762.05769,British Grand Prix
1108,98719.95083,2023,2,sainz,832,ferrari,19,0.999425947,98776.65385,British Grand Prix
1108,99917.16632,2023,1,gasly,842,alpine,20,0.987241282,101208.4565,British Grand Prix
1109,83890.46527,2023,20,hamilton,1,mercedes,1,0.990648178,84682.4,Hungarian Grand Prix
1109,83906.76134,2023,19,albon,848,williams,2,0.978343949,85764.07246,Hungarian Grand Prix
1109,84123.34286,2023,18,max_verstappen,830,red_bull,3,1,84123.34286,Hungarian Grand Prix
1109,84268.19942,2023,17,russell,847,mercedes,4,0.990648178,85063.7,Hungarian Grand Prix
1109,84535.10851,2023,16,sargeant,858,williams,5,0.978343949,86406.32836,Hungarian Grand Prix
1109,84546.93958,2023,15,ricciardo,817,alphatauri,6,0.984615385,85867.98551,Hungarian Grand Prix
1109,84571.71334,2023,14,alonso,4,aston_martin,7,0.992568659,85204.9,Hungarian Grand Prix
1109,84605.21429,2023,13,norris,846,mclaren,8,1,84605.21429,Hungarian Grand Prix
1109,84643.14624,2023,12,leclerc,844,ferrari,9,0.995140914,85056.44286,Hungarian Grand Prix
1109,84660.52857,2023,11,perez,815,red_bull,10,1,84660.52857,Hungarian Grand Prix
1109,84724.97526,2023,10,sainz,832,ferrari,11,0.995140914,85138.67143,Hungarian Grand Prix
1109,84765.06756,2023,9,tsunoda,852,alphatauri,12,0.984615385,86089.52174,Hungarian Grand Prix
1109,84843.15141,2023,8,hulkenberg,807,haas,13,0.985563041,86085.97101,Hungarian Grand Prix
1109,84918.54992,2023,7,stroll,840,aston_martin,14,0.992568659,85554.33333,Hungarian Grand Prix
1109,85017.22857,2023,6,piastri,857,mclaren,15,1,85017.22857,Hungarian Grand Prix
1109,85286.69763,2023,5,kevin_magnussen,825,haas,16,0.985563041,86536.01449,Hungarian Grand Prix
1109,85555.64811,2023,4,bottas,822,alfa,17,0.997402597,85778.44928,Hungarian Grand Prix
1109,85995.25692,2023,3,zhou,855,alfa,18,0.997402597,86219.2029,Hungarian Grand Prix
1109,102933.7592,2023,2,ocon,839,alpine,19,0.989053445,104073,Hungarian Grand Prix
1109,123612.8886,2023,1,gasly,842,alpine,20,0.989053445,124981,Hungarian Grand Prix
1110,101592.1714,2023,20,albon,848,williams,1,0.885749896,114696.2273,Belgian Grand Prix
1110,101759.095,2023,19,sargeant,858,williams,2,0.885749896,114884.6818,Belgian Grand Prix
1110,103510.4644,2023,18,kevin_magnussen,825,haas,3,0.901479915,114822.8182,Belgian Grand Prix
1110,103688.6296,2023,17,hulkenberg,807,haas,4,0.901479915,115020.4545,Belgian Grand Prix
1110,103992.6948,2023,16,tsunoda,852,alphatauri,5,0.909556314,114333.4318,Belgian Grand Prix
1110,104006.6904,2023,15,bottas,822,alfa,6,0.908780904,114446.3864,Belgian Grand Prix
1110,104218.3951,2023,14,zhou,855,alfa,7,0.908780904,114679.3409,Belgian Grand Prix
1110,104465.0439,2023,13,ricciardo,817,alphatauri,8,0.909556314,114852.75,Belgian Grand Prix
1110,106143.1036,2023,12,ocon,839,alpine,9,0.929380994,114208.3864,Belgian Grand Prix
1110,106319.7916,2023,11,gasly,842,alpine,10,0.929380994,114398.5,Belgian Grand Prix
1110,112001.004,2023,10,alonso,4,aston_martin,11,0.984302862,113787.1364,Belgian Grand Prix
1110,112510.2273,2023,9,max_verstappen,830,red_bull,12,1,112510.2273,Belgian Grand Prix
1110,112519.0158,2023,8,stroll,840,aston_martin,13,0.984302862,114313.4091,Belgian Grand Prix
1110,112714.7058,2023,7,leclerc,844,ferrari,14,0.995331466,113243.3864,Belgian Grand Prix
1110,112740.1537,2023,6,hamilton,1,mercedes,15,0.992089344,113639.1136,Belgian Grand Prix
1110,113017.1591,2023,5,perez,815,red_bull,16,1,113017.1591,Belgian Grand Prix
1110,113042.9664,2023,4,russell,847,mercedes,17,0.992089344,113944.3409,Belgian Grand Prix
1110,113177.0456,2023,3,norris,846,mclaren,18,0.991166899,114185.6591,Belgian Grand Prix
1110,116576.8997,2023,2,sainz,832,ferrari,19,0.995331466,117123.6957,Belgian Grand Prix
1111,73488.42917,2023,20,zhou,855,alfa,1,0.872627067,84215.16129,Dutch Grand Prix
1111,86140.8832,2023,19,leclerc,844,ferrari,2,0.98615917,87349.87805,Dutch Grand Prix
1111,89512.87258,2023,18,sargeant,858,williams,3,0.962187711,93030.57143,Dutch Grand Prix
1111,105100.6462,2023,17,bottas,822,alfa,4,0.872627067,120441.6528,Dutch Grand Prix
1111,105457.8826,2023,16,tsunoda,852,alphatauri,5,0.875845114,120407,Dutch Grand Prix
1111,105473.1369,2023,15,lawson,859,alphatauri,6,0.875845114,120424.4167,Dutch Grand Prix
1111,106126.0887,2023,14,hulkenberg,807,haas,7,0.881806931,120350.7083,Dutch Grand Prix
1111,106154.3649,2023,13,gasly,842,alpine,8,0.883446993,120159.2917,Dutch Grand Prix
1111,106194.3063,2023,12,kevin_magnussen,825,haas,9,0.881806931,120428.0694,Dutch Grand Prix
1111,106292.8698,2023,11,ocon,839,alpine,10,0.883446993,120316.0694,Dutch Grand Prix
1111,113164.5627,2023,10,alonso,4,aston_martin,11,0.94214876,120113.2639,Dutch Grand Prix
1111,113363.367,2023,9,hamilton,1,mercedes,12,0.942772081,120244.7222,Dutch Grand Prix
1111,113378.4174,2023,8,stroll,840,aston_martin,13,0.94214876,120340.25,Dutch Grand Prix
1111,113920.4536,2023,7,russell,847,mercedes,14,0.942772081,120835.625,Dutch Grand Prix
1111,115723.9998,2023,6,albon,848,williams,15,0.962187711,120271.75,Dutch Grand Prix
1111,118571.286,2023,5,sainz,832,ferrari,16,0.98615917,120235.4444,Dutch Grand Prix
1111,119824.6045,2023,4,norris,846,mclaren,17,0.996503497,120245.0417,Dutch Grand Prix
1111,119870.9419,2023,3,piastri,857,mclaren,18,0.996503497,120291.5417,Dutch Grand Prix
1111,120061.2639,2023,2,max_verstappen,830,red_bull,19,1,120061.2639,Dutch Grand Prix
1111,120131.6528,2023,1,perez,815,red_bull,20,1,120131.6528,Dutch Grand Prix
1112,85965.22986,2023,20,alonso,4,aston_martin,1,0.981374046,87596.80392,Italian Grand Prix
1112,86491.88558,2023,19,bottas,822,alfa,2,0.983476132,87945.07843,Italian Grand Prix
1112,86527.54599,2023,18,max_verstappen,830,red_bull,3,0.998136646,86689.07843,Italian Grand Prix
1112,86582.8084,2023,17,gasly,842,alpine,4,0.9804759,88306.92157,Italian Grand Prix
1112,86611.39801,2023,16,russell,847,mercedes,5,0.99504644,87042.56863,Italian Grand Prix
1112,86646.22639,2023,15,perez,815,red_bull,6,0.998136646,86807.98039,Italian Grand Prix
1112,86683.48029,2023,14,albon,848,williams,7,0.989836772,87573.5098,Italian Grand Prix
1112,86753.63883,2023,13,stroll,840,aston_martin,8,0.981374046,88400.17647,Italian Grand Prix
1112,86802.50977,2023,12,zhou,855,alfa,9,0.983476132,88260.92157,Italian Grand Prix
1112,86908.54902,2023,11,sainz,832,ferrari,10,1,86908.54902,Italian Grand Prix
1112,86912.15686,2023,10,leclerc,844,ferrari,11,1,86912.15686,Italian Grand Prix
1112,86949.72785,2023,9,hulkenberg,807,haas,12,0.982874618,88464.72,Italian Grand Prix
1112,86984.8196,2023,8,norris,846,mclaren,13,0.993201483,87580.23529,Italian Grand Prix
1112,86991.48037,2023,7,lawson,859,alphatauri,14,0.987707437,88074.13725,Italian Grand Prix
1112,86994.80306,2023,6,hamilton,1,mercedes,15,0.99504644,87427.88235,Italian Grand Prix
1112,87156.74091,2023,5,kevin_magnussen,825,haas,16,0.982874618,88675.34,Italian Grand Prix
1112,87235.67335,2023,4,sargeant,858,williams,17,0.989836772,88131.37255,Italian Grand Prix
1112,87362.3385,2023,3,ocon,839,alpine,18,0.9804759,89101.97436,Italian Grand Prix
1112,87425.43105,2023,2,piastri,857,mclaren,19,0.993201483,88023.86275,Italian Grand Prix
1113,102326.2766,2023,20,norris,846,mclaren,1,0.991560033,103197.2581,Singapore Grand Prix
1113,102676.7618,2023,19,albon,848,williams,2,0.983792545,104368.3065,Singapore Grand Prix
1113,102684.1507,2023,18,max_verstappen,830,red_bull,3,0.991830065,103529.9839,Singapore Grand Prix
1113,102890.5304,2023,17,sargeant,858,williams,4,0.983792545,104585.5968,Singapore Grand Prix
1113,102894.708,2023,16,zhou,855,alfa,5,0.984324324,104533.3387,Singapore Grand Prix
1113,102922.0315,2023,15,hamilton,1,mercedes,6,0.997261774,103204.629,Singapore Grand Prix
1113,102928.0736,2023,14,gasly,842,alpine,7,0.991560033,103804.1774,Singapore Grand Prix
1113,102976.66,2023,13,piastri,857,mclaren,8,0.991560033,103853.1774,Singapore Grand Prix
1113,102978.4279,2023,12,russell,847,mercedes,9,0.997261774,103261.1803,Singapore Grand Prix
1113,103184.1613,2023,11,sainz,832,ferrari,10,1,103184.1613,Singapore Grand Prix
1113,103213.548,2023,10,perez,815,red_bull,11,0.991830065,104063.7419,Singapore Grand Prix
1113,103255.0629,2023,9,lawson,859,alphatauri,12,0.990481371,104247.3548,Singapore Grand Prix
1113,103264.485,2023,8,alonso,4,aston_martin,13,0.98725942,104597.1129,Singapore Grand Prix
1113,103525.7258,2023,7,leclerc,844,ferrari,14,1,103525.7258,Singapore Grand Prix
1113,103526.8471,2023,6,ocon,839,alpine,15,0.991560033,104408.0476,Singapore Grand Prix
1113,103607.6742,2023,5,kevin_magnussen,825,haas,16,0.992911668,104347.3226,Singapore Grand Prix
1113,103833.2413,2023,4,hulkenberg,807,haas,17,0.992911668,104574.5,Singapore Grand Prix
1113,103861.9268,2023,3,bottas,822,alfa,18,0.984324324,105515.9608,Singapore Grand Prix
1114,102929.3847,2023,20,alonso,4,aston_martin,1,0.985923268,104398.9811,Japanese Grand Prix
1114,102989.0755,2023,19,max_verstappen,830,red_bull,2,1,102989.0755,Japanese Grand Prix
1114,103055.1731,2023,18,hamilton,1,mercedes,3,0.991671294,103920.6981,Japanese Grand Prix
1114,103123.9073,2023,17,norris,846,mclaren,4,0.997765363,103354.8679,Japanese Grand Prix
1114,103210.1545,2023,16,russell,847,mercedes,5,0.991671294,104076.9811,Japanese Grand Prix
1114,103413.9087,2023,15,leclerc,844,ferrari,6,0.996095929,103819.2264,Japanese Grand Prix
1114,103445.9596,2023,14,piastri,857,mclaren,7,0.997765363,103677.6415,Japanese Grand Prix
1114,103449.8265,2023,13,ocon,839,alpine,8,0.990022173,104492.434,Japanese Grand Prix
1114,103514.7757,2023,12,gasly,842,alpine,9,0.990022173,104558.0377,Japanese Grand Prix
1114,103526.4876,2023,11,zhou,855,alfa,10,0.985107557,105091.5577,Japanese Grand Prix
1114,103530.8654,2023,10,sainz,832,ferrari,11,0.996095929,103936.6415,Japanese Grand Prix
1114,103702.6073,2023,9,hulkenberg,807,haas,12,0.986195472,105154.2115,Japanese Grand Prix
1114,104067.6076,2023,8,lawson,859,alphatauri,13,0.990846047,105029.0385,Japanese Grand Prix
1114,104081.3822,2023,7,kevin_magnussen,825,haas,14,0.986195472,105538.2885,Japanese Grand Prix
1114,104084.471,2023,6,tsunoda,852,alphatauri,15,0.990846047,105046.0577,Japanese Grand Prix
1114,110908.817,2023,5,albon,848,williams,16,0.99057127,111964.5,Japanese Grand Prix
1114,112065.1161,2023,4,stroll,840,aston_martin,17,0.985923268,113665.15,Japanese Grand Prix
1114,114796.9893,2023,3,sargeant,858,williams,18,0.99057127,115889.6818,Japanese Grand Prix
1114,144041.4418,2023,2,bottas,822,alfa,19,0.985107557,146219,Japanese Grand Prix
1114,292526.2,2023,1,perez,815,red_bull,20,1,292526.2,Japanese Grand Prix
1115,91559.22249,2023,20,bottas,822,alfa,1,0.979936028,93433.87719,Qatar Grand Prix
1115,91723.64544,2023,19,zhou,855,alfa,2,0.979936028,93601.66667,Qatar Grand Prix
1115,91968.82839,2023,18,piastri,857,mclaren,3,0.995862884,92350.89474,Qatar Grand Prix
1115,91988.67576,2023,17,norris,846,mclaren,4,0.995862884,92370.82456,Qatar Grand Prix
1115,92020.35358,2023,16,max_verstappen,830,red_bull,5,0.99733649,92266.10526,Qatar Grand Prix
1115,92078.01037,2023,15,kevin_magnussen,825,haas,6,0.980221059,93935.96429,Qatar Grand Prix
1115,92223.23956,2023,14,alonso,4,aston_martin,7,0.990302674,93126.31579,Qatar Grand Prix
1115,92317.70463,2023,13,albon,848,williams,8,0.985380117,93687.40351,Qatar Grand Prix
1115,92320.2475,2023,12,hulkenberg,807,haas,9,0.980221059,94183.08929,Qatar Grand Prix
1115,92483.36146,2023,11,leclerc,844,ferrari,10,0.994980809,92949.89474,Qatar Grand Prix
1115,92616.23335,2023,10,stroll,840,aston_martin,11,0.990302674,93523.15789,Qatar Grand Prix
1115,92698.33239,2023,9,tsunoda,852,alphatauri,12,0.985380117,94073.67857,Qatar Grand Prix
1115,92864.65368,2023,8,ocon,839,alpine,13,0.994687131,93360.66667,Qatar Grand Prix
1115,92864.68421,2023,7,russell,847,mercedes,14,1,92864.68421,Qatar Grand Prix
1115,93017.70113,2023,6,lawson,859,alphatauri,15,0.985380117,94397.78571,Qatar Grand Prix
1115,93037.58964,2023,5,gasly,842,alpine,16,0.994687131,93534.52632,Qatar Grand Prix
1115,93335.80541,2023,4,perez,815,red_bull,17,0.99733649,93585.07018,Qatar Grand Prix
1115,95291.33202,2023,3,sargeant,858,williams,18,0.985380117,96705.15,Qatar Grand Prix
1116,101844.8846,2023,20,max_verstappen,830,red_bull,1,0.996845426,102167.1786,United States Grand Prix
1116,101854.8895,2023,19,stroll,840,aston_martin,2,0.988529718,103036.75,United States Grand Prix
1116,101928.7068,2023,18,norris,846,mclaren,3,0.995798319,102358.7857,United States Grand Prix
1116,101991.7383,2023,17,hamilton,1,mercedes,4,0.997894737,102206.9107,United States Grand Prix
1116,102173.4876,2023,16,perez,815,red_bull,5,0.996845426,102496.8214,United States Grand Prix
1116,102331.0277,2023,15,albon,848,williams,6,0.9875,103626.3571,United States Grand Prix
1116,102397.5607,2023,14,russell,847,mercedes,7,0.997894737,102613.5893,United States Grand Prix
1116,102437.4286,2023,13,sainz,832,ferrari,8,1,102437.4286,United States Grand Prix
1116,102441.8393,2023,12,sargeant,858,williams,9,0.9875,103738.5714,United States Grand Prix
1116,102448.5369,2023,11,alonso,4,aston_martin,10,0.988529718,103637.2857,United States Grand Prix
1116,102607.5714,2023,10,leclerc,844,ferrari,11,1,102607.5714,United States Grand Prix
1116,102645.2853,2023,9,gasly,842,alpine,12,0.996321597,103024.25,United States Grand Prix
1116,102736.8765,2023,8,tsunoda,852,alphatauri,13,0.992670157,103495.4821,United States Grand Prix
1116,102904.2171,2023,7,hulkenberg,807,haas,14,0.991631799,103772.6071,United States Grand Prix
1116,103220.1774,2023,6,bottas,822,alfa,15,0.993190152,103927.9107,United States Grand Prix
1116,103299.799,2023,5,kevin_magnussen,825,haas,16,0.991631799,104171.5273,United States Grand Prix
1116,103380.9462,2023,4,zhou,855,alfa,17,0.993190152,104089.7818,United States Grand Prix
1116,103422.0442,2023,3,ricciardo,817,alphatauri,18,0.992670157,104185.7091,United States Grand Prix
1116,105511.205,2023,2,piastri,857,mclaren,19,0.995798319,105956.4,United States Grand Prix
1116,107677.2906,2023,1,ocon,839,alpine,20,0.996321597,108074.8333,United States Grand Prix
1117,85319.37278,2023,20,kevin_magnussen,825,haas,1,0.984693878,86645.58065,Mexico City Grand Prix
1117,101215.0896,2023,19,norris,846,mclaren,2,0.973211472,104001.1268,Mexico City Grand Prix
1117,101349.9411,2023,18,piastri,857,mclaren,3,0.973211472,104139.6901,Mexico City Grand Prix
1117,102556.1587,2023,17,albon,848,williams,4,0.984066284,104216.7183,Mexico City Grand Prix
1117,102885.5891,2023,16,ocon,839,alpine,5,0.985322272,104418.2113,Mexico City Grand Prix
1117,102931.7883,2023,15,gasly,842,alpine,6,0.985322272,104465.0986,Mexico City Grand Prix
1117,103061.7088,2023,14,hulkenberg,807,haas,7,0.984693878,104663.7042,Mexico City Grand Prix
1117,103083.2462,2023,13,ricciardo,817,alphatauri,8,0.990060917,104118.0845,Mexico City Grand Prix
1117,103193.3336,2023,12,hamilton,1,mercedes,9,0.994845361,103728.0141,Mexico City Grand Prix
1117,103212.7519,2023,11,sargeant,858,williams,10,0.984066284,104883.9429,Mexico City Grand Prix
1117,103245.3937,2023,10,perez,815,red_bull,11,0.998060763,103446,Mexico City Grand Prix
1117,103331.8173,2023,9,max_verstappen,830,red_bull,12,0.998060763,103532.5915,Mexico City Grand Prix
1117,103573.6868,2023,8,russell,847,mercedes,13,0.994845361,104110.338,Mexico City Grand Prix
1117,103594.2451,2023,7,bottas,822,alfa,14,0.98974359,104667.7606,Mexico City Grand Prix
1117,103604.9386,2023,6,tsunoda,852,alphatauri,15,0.990060917,104645.0141,Mexico City Grand Prix
1117,103609.2864,2023,5,zhou,855,alfa,16,0.98974359,104682.9577,Mexico City Grand Prix
1117,103858.2817,2023,4,leclerc,844,ferrari,17,1,103858.2817,Mexico City Grand Prix
1117,103915.0423,2023,3,sainz,832,ferrari,18,1,103915.0423,Mexico City Grand Prix
1117,104663.8441,2023,2,stroll,840,aston_martin,19,0.98343949,106426.3182,Mexico City Grand Prix
1117,113390.4268,2023,1,alonso,4,aston_martin,20,0.98343949,115299.8511,Mexico City Grand Prix
1118,98646.50578,2023,20,max_verstappen,830,red_bull,1,0.999287749,98716.8169,São Paulo Grand Prix
1118,98833.39437,2023,19,norris,846,mclaren,2,1,98833.39437,São Paulo Grand Prix
1118,98986.21348,2023,18,alonso,4,aston_martin,3,0.997866287,99197.87324,São Paulo Grand Prix
1118,99080.23778,2023,17,stroll,840,aston_martin,4,0.997866287,99292.09859,São Paulo Grand Prix
1118,99127.96543,2023,16,perez,815,red_bull,5,0.999287749,99198.61972,São Paulo Grand Prix
1118,99211.54855,2023,15,sainz,832,ferrari,6,0.997866287,99423.69014,São Paulo Grand Prix
1118,99365.21238,2023,14,gasly,842,alpine,7,0.998576512,99506.85915,São Paulo Grand Prix
1118,99389.63255,2023,13,hamilton,1,mercedes,8,0.997866287,99602.15493,São Paulo Grand Prix
1118,99559.11906,2023,12,tsunoda,852,alphatauri,9,0.998576512,99701.04225,São Paulo Grand Prix
1118,100124.9131,2023,11,ocon,839,alpine,10,0.998576512,100267.6429,São Paulo Grand Prix
1118,100215.7387,2023,10,sargeant,858,williams,11,0.997157072,100501.4571,São Paulo Grand Prix
1118,100483.4367,2023,9,hulkenberg,807,haas,12,0.999287749,100555.0571,São Paulo Grand Prix
1118,100982.5477,2023,8,ricciardo,817,alphatauri,13,0.998576512,101126.5,São Paulo Grand Prix
1118,101630.8696,2023,7,piastri,857,mclaren,14,1,101630.8696,São Paulo Grand Prix
1118,105982.1179,2023,6,russell,847,mercedes,15,0.997866287,106208.7368,São Paulo Grand Prix
1118,118492.0226,2023,5,bottas,822,alfa,16,0.993626062,119252.1282,São Paulo Grand Prix
1118,151319.4485,2023,4,zhou,855,alfa,17,0.993626062,152290.1364,São Paulo Grand Prix
1119,105490.9375,2023,20,ricciardo,817,alphatauri,1,0.977344573,107936.28,Las Vegas Grand Prix
1119,105843.9382,2023,19,piastri,857,mclaren,2,0.984084881,107555.7,Las Vegas Grand Prix
1119,106222.4558,2023,18,ocon,839,alpine,3,0.989597226,107339.08,Las Vegas Grand Prix
1119,106250.2041,2023,17,stroll,840,aston_martin,4,0.989597226,107367.12,Las Vegas Grand Prix
1119,106306.7355,2023,16,max_verstappen,830,red_bull,5,0.993838736,106965.78,Las Vegas Grand Prix
1119,106351.2794,2023,15,perez,815,red_bull,6,0.993838736,107010.6,Las Vegas Grand Prix
1119,106366.9172,2023,14,alonso,4,aston_martin,7,0.989597226,107485.06,Las Vegas Grand Prix
1119,106531.3091,2023,13,gasly,842,alpine,8,0.989597226,107651.18,Las Vegas Grand Prix
1119,106635.3256,2023,12,tsunoda,852,alphatauri,9,0.977344573,109107.1957,Las Vegas Grand Prix
1119,106675.117,2023,11,zhou,855,alfa,10,0.988015979,107969.02,Las Vegas Grand Prix
1119,106723.5047,2023,10,russell,847,mercedes,11,0.994371482,107327.6,Las Vegas Grand Prix
1119,106796.3722,2023,9,hamilton,1,mercedes,12,0.994371482,107400.88,Las Vegas Grand Prix
1119,106911.3168,2023,8,kevin_magnussen,825,haas,13,0.991183543,107862.28,Las Vegas Grand Prix
1119,107007.18,2023,7,leclerc,844,ferrari,14,1,107007.18,Las Vegas Grand Prix
1119,107083.2911,2023,6,albon,848,williams,15,0.993040685,107833.74,Las Vegas Grand Prix
1119,107231.9294,2023,5,sargeant,858,williams,16,0.993040685,107983.42,Las Vegas Grand Prix
1119,107370.4431,2023,4,bottas,822,alfa,17,0.988015979,108672.78,Las Vegas Grand Prix
1119,107382.46,2023,3,sainz,832,ferrari,18,1,107382.46,Las Vegas Grand Prix
1119,108012.3543,2023,2,hulkenberg,807,haas,19,0.991183543,108973.1111,Las Vegas Grand Prix
1119,122857.5849,2023,1,norris,846,mclaren,20,0.984084881,124844.5,Las Vegas Grand Prix
1120,90045.24138,2023,20,max_verstappen,830,red_bull,1,1,90045.24138,Abu Dhabi Grand Prix
1120,90207.23142,2023,19,russell,847,mercedes,2,0.997914805,90395.72414,Abu Dhabi Grand Prix
1120,90220.8076,2023,18,leclerc,844,ferrari,3,0.998509687,90355.46552,Abu Dhabi Grand Prix
1120,90328.91379,2023,17,perez,815,red_bull,4,1,90328.91379,Abu Dhabi Grand Prix
1120,90375.77081,2023,16,alonso,4,aston_martin,5,0.996134404,90726.48276,Abu Dhabi Grand Prix
1120,90409.95494,2023,15,norris,846,mclaren,6,0.999403341,90463.93103,Abu Dhabi Grand Prix
1120,90491.00329,2023,14,tsunoda,852,alphatauri,7,0.996727165,90788.13793,Abu Dhabi Grand Prix
1120,90534.0705,2023,13,piastri,857,mclaren,8,0.999403341,90588.12069,Abu Dhabi Grand Prix
1120,90621.8134,2023,12,hamilton,1,mercedes,9,0.997914805,90811.17241,Abu Dhabi Grand Prix
1120,90652.62748,2023,11,stroll,840,aston_martin,10,0.996134404,91004.41379,Abu Dhabi Grand Prix
1120,90716.83074,2023,10,ricciardo,817,alphatauri,11,0.996727165,91014.7069,Abu Dhabi Grand Prix
1120,90827.84192,2023,9,zhou,855,alfa,12,0.991711072,91587,Abu Dhabi Grand Prix
1120,90837.10126,2023,8,ocon,839,alpine,13,0.996134404,91189.60345,Abu Dhabi Grand Prix
1120,90905.57692,2023,7,gasly,842,alpine,14,0.996134404,91258.34483,Abu Dhabi Grand Prix
1120,91026.3511,2023,6,hulkenberg,807,haas,15,0.994950995,91488.27586,Abu Dhabi Grand Prix
1120,91081.44158,2023,5,bottas,822,alfa,16,0.991711072,91842.7193,Abu Dhabi Grand Prix
1120,91089.5073,2023,4,albon,848,williams,17,0.99761763,91307.03448,Abu Dhabi Grand Prix
1120,91283.45779,2023,3,sainz,832,ferrari,18,0.998509687,91419.70175,Abu Dhabi Grand Prix
1120,91340.75214,2023,2,sargeant,858,williams,19,0.99761763,91558.87931,Abu Dhabi Grand Prix
1120,91422.03221,2023,1,kevin_magnussen,825,haas,20,0.994950995,91885.96491,Abu Dhabi Grand Prix
1121,96574.42105,2024,20,max_verstappen,830,red_bull,1,1,96574.42105,Bahrain Grand Prix
1121,96968.40351,2024,19,perez,815,red_bull,2,1,96968.40351,Bahrain Grand Prix
1121,97014.94737,2024,18,sainz,832,ferrari,3,1,97014.94737,Bahrain Grand Prix
1121,97098.54502,2024,17,norris,846,mclaren,4,0.996653653,97424.5614,Bahrain Grand Prix
1121,97123.51298,2024,16,russell,847,mercedes,5,0.997209821,97395.26316,Bahrain Grand Prix
1121,97185.37498,2024,15,hamilton,1,mercedes,6,0.997209821,97457.29825,Bahrain Grand Prix
1121,97231.85182,2024,14,piastri,857,mclaren,7,0.996653653,97558.31579,Bahrain Grand Prix
1121,97270.36842,2024,13,leclerc,844,ferrari,8,1,97270.36842,Bahrain Grand Prix
1121,97438.19041,2024,12,zhou,855,sauber,9,0.990027701,98419.66071,Bahrain Grand Prix
1121,97642.34639,2024,11,alonso,4,aston_martin,10,0.997488138,97888.22807,Bahrain Grand Prix
1121,97709.31335,2024,10,kevin_magnussen,825,haas,11,0.992502083,98447.46429,Bahrain Grand Prix
1121,97745.44138,2024,9,albon,848,williams,12,0.992226541,98511.21429,Bahrain Grand Prix
1121,97820.51005,2024,8,ocon,839,alpine,13,0.989479513,98860.57143,Bahrain Grand Prix
1121,97837.59624,2024,7,gasly,842,alpine,14,0.989479513,98877.83929,Bahrain Grand Prix
1121,97874.42316,2024,6,hulkenberg,807,haas,15,0.992502083,98613.82143,Bahrain Grand Prix
1121,97911.02135,2024,5,ricciardo,817,rb,16,0.99443517,98458.92857,Bahrain Grand Prix
1121,97920.32642,2024,4,tsunoda,852,rb,17,0.99443517,98468.28571,Bahrain Grand Prix
1121,97963.10008,2024,3,stroll,840,aston_martin,18,0.997488138,98209.78947,Bahrain Grand Prix
1121,98790.12628,2024,2,bottas,822,sauber,19,0.990027701,99785.21429,Bahrain Grand Prix
1121,99683.35388,2024,1,sargeant,858,williams,20,0.992226541,100464.3091,Bahrain Grand Prix
1122,96680.38887,2024,20,stroll,840,aston_martin,1,0.995457127,97121.6,Saudi Arabian Grand Prix
1122,96823.99018,2024,19,leclerc,844,ferrari,2,0.995739847,97238.24,Saudi Arabian Grand Prix
1122,96835.58119,2024,18,russell,847,mercedes,3,0.991515837,97664.18,Saudi Arabian Grand Prix
1122,96865.46,2024,17,max_verstappen,830,red_bull,4,1,96865.46,Saudi Arabian Grand Prix
1122,96983.4162,2024,16,hamilton,1,mercedes,5,0.991515837,97813.28,Saudi Arabian Grand Prix
1122,97007.55778,2024,15,piastri,857,mclaren,6,0.994892168,97505.6,Saudi Arabian Grand Prix
1122,97038.32,2024,14,perez,815,red_bull,7,1,97038.32,Saudi Arabian Grand Prix
1122,97137.34351,2024,13,alonso,4,aston_martin,8,0.995457127,97580.64,Saudi Arabian Grand Prix
1122,97240.49106,2024,12,hulkenberg,807,haas,9,0.988162345,98405.38,Saudi Arabian Grand Prix
1122,97280.17813,2024,11,norris,846,mclaren,10,0.994892168,97779.62,Saudi Arabian Grand Prix
1122,97302.7419,2024,10,bearman,860,ferrari,11,0.995739847,97719.04,Saudi Arabian Grand Prix
1122,97355.20418,2024,9,albon,848,williams,12,0.98704955,98632.54,Saudi Arabian Grand Prix
1122,97413.2416,2024,8,kevin_magnussen,825,haas,13,0.988162345,98580.2,Saudi Arabian Grand Prix
1122,97478.19025,2024,7,ocon,839,alpine,14,0.985385048,98923.95918,Saudi Arabian Grand Prix
1122,97698.92988,2024,6,sargeant,858,williams,15,0.98704955,98980.77551,Saudi Arabian Grand Prix
1122,97921.82248,2024,5,tsunoda,852,rb,16,0.989556873,98955.22449,Saudi Arabian Grand Prix
1122,98193.74707,2024,4,bottas,822,sauber,17,0.988719684,99314.04082,Saudi Arabian Grand Prix
1122,98228.42355,2024,3,ricciardo,817,rb,18,0.989556873,99265.06122,Saudi Arabian Grand Prix
1122,98323.65273,2024,2,zhou,855,sauber,19,0.988719684,99445.42857,Saudi Arabian Grand Prix
1122,119677.9702,2024,1,gasly,842,alpine,20,0.985385048,121453,Saudi Arabian Grand Prix
1123,82941.75745,2024,20,norris,846,mclaren,1,0.995421844,83323.22414,Australian Grand Prix
1123,83028.61274,2024,19,russell,847,mercedes,2,0.992500815,83655.96429,Australian Grand Prix
1123,83057.71674,2024,18,sainz,832,ferrari,3,0.998032787,83221.43103,Australian Grand Prix
1123,83098.4296,2024,17,leclerc,844,ferrari,4,0.998032787,83262.22414,Australian Grand Prix
1123,83454.33105,2024,16,piastri,857,mclaren,5,0.995421844,83838.15517,Australian Grand Prix
1123,83491.3567,2024,15,kevin_magnussen,825,haas,6,0.985113269,84753.05263,Australian Grand Prix
1123,83687.54139,2024,14,tsunoda,852,rb,7,0.986070619,84869.72414,Australian Grand Prix
1123,83700.97832,2024,13,ricciardo,817,rb,8,0.986070619,84883.35088,Australian Grand Prix
1123,83758.33849,2024,12,hulkenberg,807,haas,9,0.985113269,85024.06897,Australian Grand Prix
1123,83901.21161,2024,11,alonso,4,aston_martin,10,0.991530945,84617.84483,Australian Grand Prix
1123,84051.41716,2024,10,albon,848,williams,11,0.991530945,84769.33333,Australian Grand Prix
1123,84097.90084,2024,9,bottas,822,sauber,12,0.984476067,85424.01754,Australian Grand Prix
1123,84110.28788,2024,8,stroll,840,aston_martin,13,0.991530945,84828.7069,Australian Grand Prix
1123,84131.8739,2024,7,zhou,855,sauber,14,0.984476067,85458.52632,Australian Grand Prix
1123,84192.27586,2024,6,perez,815,red_bull,15,1,84192.27586,Australian Grand Prix
1123,84233.00968,2024,5,gasly,842,alpine,16,0.987349984,85312.21053,Australian Grand Prix
1123,84545.25478,2024,4,ocon,839,alpine,17,0.987349984,85628.45614,Australian Grand Prix
1123,84589.25647,2024,3,hamilton,1,mercedes,18,0.992500815,85228.4,Australian Grand Prix
1123,84890.66667,2024,2,max_verstappen,830,red_bull,19,1,84890.66667,Australian Grand Prix
1124,129129.4073,2024,20,alonso,4,aston_martin,1,0.990738142,130336.566,Japanese Grand Prix
1124,129163.1409,2024,19,sainz,832,ferrari,2,0.994366197,129894.9434,Japanese Grand Prix
1124,129269.2567,2024,18,leclerc,844,ferrari,3,0.994366197,130001.6604,Japanese Grand Prix
1124,129415.0466,2024,17,russell,847,mercedes,4,0.992688414,130368.2453,Japanese Grand Prix
1124,129465.1493,2024,16,hamilton,1,mercedes,5,0.992688414,130418.717,Japanese Grand Prix
1124,129474.7682,2024,15,norris,846,mclaren,6,0.995487874,130061.6226,Japanese Grand Prix
1124,129501.2453,2024,14,max_verstappen,830,red_bull,7,1,129501.2453,Japanese Grand Prix
1124,129737.7547,2024,13,perez,815,red_bull,8,1,129737.7547,Japanese Grand Prix
1124,129809.5714,2024,12,piastri,857,mclaren,9,0.995487874,130397.9434,Japanese Grand Prix
1124,130502.8358,2024,11,hulkenberg,807,haas,10,0.987688864,132129.5,Japanese Grand Prix
1124,130506.6618,2024,10,tsunoda,852,rb,11,0.988518622,132022.4615,Japanese Grand Prix
1124,130652.4279,2024,9,bottas,822,sauber,12,0.987136465,132354.9808,Japanese Grand Prix
1124,130707.0404,2024,8,kevin_magnussen,825,haas,13,0.987688864,132336.25,Japanese Grand Prix
1124,130928.5268,2024,7,ocon,839,alpine,14,0.98603352,132783.0385,Japanese Grand Prix
1124,130983.1844,2024,6,stroll,840,aston_martin,15,0.990738142,132207.6731,Japanese Grand Prix
1124,131192.3666,2024,5,gasly,842,alpine,16,0.98603352,133050.6154,Japanese Grand Prix
1124,131601.4986,2024,4,sargeant,858,williams,17,0.986584684,133390.9808,Japanese Grand Prix
1124,244235.8235,2024,3,zhou,855,sauber,18,0.987136465,247418.5,Japanese Grand Prix
1125,103061.9296,2024,20,bottas,822,sauber,1,0.989717901,104132.6316,Chinese Grand Prix
1125,107532.3865,2024,19,albon,848,williams,2,0.984268485,109251.0714,Chinese Grand Prix
1125,107768.058,2024,18,russell,847,mercedes,3,0.990762734,108772.8214,Chinese Grand Prix
1125,107867.5235,2024,17,norris,846,mclaren,4,0.995755968,108327.2679,Chinese Grand Prix
1125,107876.9508,2024,16,sargeant,858,williams,5,0.984268485,109601.1429,Chinese Grand Prix
1125,107985.3832,2024,15,leclerc,844,ferrari,6,0.995227996,108503.1607,Chinese Grand Prix
1125,107994.7123,2024,14,ocon,839,alpine,7,0.988935722,109202.9643,Chinese Grand Prix
1125,108081.3214,2024,13,max_verstappen,830,red_bull,8,1,108081.3214,Chinese Grand Prix
1125,108095.8408,2024,12,hulkenberg,807,haas,9,0.990240042,109161.25,Chinese Grand Prix
1125,108107.9278,2024,11,gasly,842,alpine,10,0.988935722,109317.4464,Chinese Grand Prix
1125,108108.845,2024,10,hamilton,1,mercedes,11,0.990762734,109116.7857,Chinese Grand Prix
1125,108169.5004,2024,9,sainz,832,ferrari,12,0.995227996,108688.1607,Chinese Grand Prix
1125,108237.0166,2024,8,zhou,855,sauber,13,0.989717901,109361.4821,Chinese Grand Prix
1125,108365.8364,2024,7,alonso,4,aston_martin,14,0.995491912,108856.5714,Chinese Grand Prix
1125,108397.4573,2024,6,kevin_magnussen,825,haas,15,0.990240042,109465.8393,Chinese Grand Prix
1125,108423.4643,2024,5,perez,815,red_bull,16,1,108423.4643,Chinese Grand Prix
1125,108621.8975,2024,4,piastri,857,mclaren,17,0.995755968,109084.8571,Chinese Grand Prix
1125,109065.7383,2024,3,stroll,840,aston_martin,18,0.995491912,109559.6429,Chinese Grand Prix
1125,109875.9692,2024,2,tsunoda,852,rb,19,0.989457037,111046.7308,Chinese Grand Prix
1125,113849.5953,2024,1,ricciardo,817,rb,20,0.989457037,115062.697,Chinese Grand Prix
1126,95033.88668,2024,20,sargeant,858,williams,1,0.993177942,95686.66667,Miami Grand Prix
1126,95226.36374,2024,19,tsunoda,852,rb,2,0.991205674,96071.24561,Miami Grand Prix
1126,95284.60856,2024,18,norris,846,mclaren,3,0.996577296,95611.85965,Miami Grand Prix
1126,95302.75,2024,17,hamilton,1,mercedes,4,0.99374289,95902.82456,Miami Grand Prix
1126,95534.52505,2024,16,hulkenberg,807,haas,5,0.991768379,96327.45614,Miami Grand Prix
1126,95606.14884,2024,15,alonso,4,aston_martin,6,0.993177942,96262.85965,Miami Grand Prix
1126,95620.1201,2024,14,russell,847,mercedes,7,0.99374289,96222.19298,Miami Grand Prix
1126,95657.12086,2024,13,ricciardo,817,rb,8,0.991205674,96505.82456,Miami Grand Prix
1126,95667.27089,2024,12,zhou,855,sauber,9,0.991486947,96488.68421,Miami Grand Prix
1126,95676.36255,2024,11,leclerc,844,ferrari,10,0.998856489,95785.89474,Miami Grand Prix
1126,95702.42044,2024,10,sainz,832,ferrari,11,0.998856489,95811.98246,Miami Grand Prix
1126,95708.61764,2024,9,bottas,822,sauber,12,0.991486947,96530.38596,Miami Grand Prix
1126,95745.40351,2024,8,max_verstappen,830,red_bull,13,1,95745.40351,Miami Grand Prix
1126,95746.69223,2024,7,stroll,840,aston_martin,14,0.993177942,96404.36842,Miami Grand Prix
1126,95776.27294,2024,6,kevin_magnussen,825,haas,15,0.991768379,96571.21053,Miami Grand Prix
1126,95868.87719,2024,5,perez,815,red_bull,16,1,95868.87719,Miami Grand Prix
1126,95870.14179,2024,4,ocon,839,alpine,17,0.995441595,96309.15789,Miami Grand Prix
1126,95961.16357,2024,3,gasly,842,alpine,18,0.995441595,96400.59649,Miami Grand Prix
1126,96154.53312,2024,2,piastri,857,mclaren,19,0.996577296,96484.77193,Miami Grand Prix
1126,96285.41285,2024,1,albon,848,williams,20,0.993177942,96946.78947,Miami Grand Prix
1127,81109.22806,2024,20,max_verstappen,830,red_bull,1,0.997001,81353.20635,Emilia Romagna Grand Prix
1127,81153.37569,2024,19,leclerc,844,ferrari,2,0.996005326,81478.85714,Emilia Romagna Grand Prix
1127,81311.53684,2024,18,stroll,840,aston_martin,3,0.984210526,82616,Emilia Romagna Grand Prix
1127,81312.52647,2024,17,hamilton,1,mercedes,4,0.99270073,81910.4127,Emilia Romagna Grand Prix
1127,81364.71429,2024,16,norris,846,mclaren,5,1,81364.71429,Emilia Romagna Grand Prix
1127,81381.17634,2024,15,sainz,832,ferrari,6,0.996005326,81707.57143,Emilia Romagna Grand Prix
1127,81502.40019,2024,14,russell,847,mercedes,7,0.99270073,82101.68254,Emilia Romagna Grand Prix
1127,81577.52381,2024,13,piastri,857,mclaren,8,1,81577.52381,Emilia Romagna Grand Prix
1127,81788.27271,2024,12,hulkenberg,807,haas,9,0.984534386,83073.04839,Emilia Romagna Grand Prix
1127,81806.64539,2024,11,kevin_magnussen,825,haas,10,0.984534386,83091.70968,Emilia Romagna Grand Prix
1127,81911.72728,2024,10,zhou,855,sauber,11,0.982271832,83390.08065,Emilia Romagna Grand Prix
1127,81976.08086,2024,9,perez,815,red_bull,12,0.997001,82222.66667,Emilia Romagna Grand Prix
1127,82092.49698,2024,8,bottas,822,sauber,13,0.982271832,83574.1129,Emilia Romagna Grand Prix
1127,82129.86025,2024,7,tsunoda,852,rb,14,0.990072799,82953.35484,Emilia Romagna Grand Prix
1127,82286.43547,2024,6,ricciardo,817,rb,15,0.990072799,83111.5,Emilia Romagna Grand Prix
1127,82333.01389,2024,5,sargeant,858,williams,16,0.986156889,83488.75806,Emilia Romagna Grand Prix
1127,82491.27266,2024,4,ocon,839,alpine,17,0.989417989,83373.53226,Emilia Romagna Grand Prix
1127,82552.65806,2024,3,alonso,4,aston_martin,18,0.984210526,83877.03226,Emilia Romagna Grand Prix
1127,82583.95878,2024,2,gasly,842,alpine,19,0.989417989,83467.20968,Emilia Romagna Grand Prix
1127,84842.92507,2024,1,albon,848,williams,20,0.986156889,86033.90196,Emilia Romagna Grand Prix
1128,109328.7612,2024,20,max_verstappen,830,red_bull,1,0.99050299,110377.0128,Monaco Grand Prix
1128,110135.375,2024,19,russell,847,mercedes,2,0.997873848,110370.0385,Monaco Grand Prix
1128,110155.8314,2024,18,hamilton,1,mercedes,3,0.997873848,110390.5385,Monaco Grand Prix
1128,110199.4103,2024,17,leclerc,844,ferrari,4,1,110199.4103,Monaco Grand Prix
1128,110212.8264,2024,16,piastri,857,mclaren,5,0.999290277,110291.1026,Monaco Grand Prix
1128,110232.0179,2024,15,norris,846,mclaren,6,0.999290277,110310.3077,Monaco Grand Prix
1128,110296.6538,2024,14,sainz,832,ferrari,7,1,110296.6538,Monaco Grand Prix
1128,110337.3226,2024,13,bottas,822,sauber,8,0.975069252,113158.4474,Monaco Grand Prix
1128,110988.7202,2024,12,zhou,855,sauber,9,0.975069252,113826.5,Monaco Grand Prix
1128,111109.3952,2024,11,albon,848,williams,10,0.989111345,112332.5455,Monaco Grand Prix
1128,111156.5594,2024,10,tsunoda,852,rb,11,0.991200282,112143.3896,Monaco Grand Prix
1128,111580.8208,2024,9,gasly,842,alpine,12,0.992597815,112412.9221,Monaco Grand Prix
1128,111643.5517,2024,8,alonso,4,aston_martin,13,0.986685354,113150.1053,Monaco Grand Prix
1128,111670.9841,2024,7,stroll,840,aston_martin,14,0.986685354,113177.9079,Monaco Grand Prix
1128,111985.3645,2024,6,sargeant,858,williams,15,0.989111345,113218.1579,Monaco Grand Prix
1128,112159.7635,2024,5,ricciardo,817,rb,16,0.991200282,113155.5,Monaco Grand Prix
1129,89457.71699,2024,20,bottas,822,sauber,1,0.980218281,91263.05714,Canadian Grand Prix
1129,89689.48324,2024,19,hulkenberg,807,haas,2,0.984246575,91125.01429,Canadian Grand Prix
1129,89695.51526,2024,18,kevin_magnussen,825,haas,3,0.984246575,91131.14286,Canadian Grand Prix
1129,90026.85516,2024,17,max_verstappen,830,red_bull,4,0.992746114,90684.67143,Canadian Grand Prix
1129,90048.25384,2024,16,gasly,842,alpine,5,0.988308116,91113.54286,Canadian Grand Prix
1129,90052.3765,2024,15,ocon,839,alpine,6,0.988308116,91117.71429,Canadian Grand Prix
1129,90181.73094,2024,14,alonso,4,aston_martin,7,0.991718427,90934.81429,Canadian Grand Prix
1129,90268.36463,2024,13,stroll,840,aston_martin,8,0.991718427,91022.17143,Canadian Grand Prix
1129,90488.20484,2024,12,norris,846,mclaren,9,0.99722415,90740.08571,Canadian Grand Prix
1129,90578.23993,2024,11,piastri,857,mclaren,10,0.99722415,90830.37143,Canadian Grand Prix
1129,90589.94328,2024,10,ricciardo,817,rb,11,0.994463668,91094.27143,Canadian Grand Prix
1129,90746.34286,2024,9,russell,847,mercedes,12,1,90746.34286,Canadian Grand Prix
1129,90754.88571,2024,8,hamilton,1,mercedes,13,1,90754.88571,Canadian Grand Prix
1129,90931.2148,2024,7,tsunoda,852,rb,14,0.994463668,91437.44286,Canadian Grand Prix
1129,90939.4669,2024,6,zhou,855,sauber,15,0.980218281,92774.71014,Canadian Grand Prix
1129,91365.74281,2024,5,albon,848,williams,16,0.992060753,92096.92308,Canadian Grand Prix
1129,91449.60746,2024,4,sainz,832,ferrari,17,0.99308915,92086,Canadian Grand Prix
1129,91697.97306,2024,3,perez,815,red_bull,18,0.992746114,92368,Canadian Grand Prix
1129,93362.36295,2024,2,sargeant,858,williams,19,0.992060753,94109.52174,Canadian Grand Prix
1129,95418.68687,2024,1,leclerc,844,ferrari,20,0.99308915,96082.7,Canadian Grand Prix
1130,80250.507,2024,20,max_verstappen,830,red_bull,1,0.999303136,80306.4697,Spanish Grand Prix
1130,80340.09091,2024,19,norris,846,mclaren,2,1,80340.09091,Spanish Grand Prix
1130,80576.01515,2024,18,hamilton,1,mercedes,3,1,80576.01515,Spanish Grand Prix
1130,80644.65152,2024,17,russell,847,mercedes,4,1,80644.65152,Spanish Grand Prix
1130,80650.54545,2024,16,leclerc,844,ferrari,5,1,80650.54545,Spanish Grand Prix
1130,80776.59091,2024,15,sainz,832,ferrari,6,1,80776.59091,Spanish Grand Prix
1130,80817.98485,2024,14,piastri,857,mclaren,7,1,80817.98485,Spanish Grand Prix
1130,80907.71641,2024,13,gasly,842,alpine,8,0.995833333,81246.24242,Spanish Grand Prix
1130,80923.05412,2024,12,hulkenberg,807,haas,9,0.993762994,81430.93939,Spanish Grand Prix
1130,81056.54823,2024,11,ocon,839,alpine,10,0.995833333,81395.69697,Spanish Grand Prix
1130,81151.7573,2024,10,perez,815,red_bull,11,0.999303136,81208.34848,Spanish Grand Prix
1130,81190.94658,2024,9,albon,848,williams,12,0.98489011,82436.55385,Spanish Grand Prix
1130,81312.39489,2024,8,ricciardo,817,rb,13,0.988965517,82219.64615,Spanish Grand Prix
1130,81326.34271,2024,7,zhou,855,sauber,14,0.99445215,81780.04615,Spanish Grand Prix
1130,81460.83466,2024,6,alonso,4,aston_martin,15,0.997218359,81688.06154,Spanish Grand Prix
1130,81614.4706,2024,5,tsunoda,852,rb,16,0.988965517,82525.09231,Spanish Grand Prix
1130,81639.58793,2024,4,sargeant,858,williams,17,0.98489011,82892.07813,Spanish Grand Prix
1130,81702.54505,2024,3,stroll,840,aston_martin,18,0.997218359,81930.44615,Spanish Grand Prix
1130,81871.01135,2024,2,kevin_magnussen,825,haas,19,0.993762994,82384.84615,Spanish Grand Prix
1130,81905.22095,2024,1,bottas,822,sauber,20,0.99445215,82362.15385,Spanish Grand Prix
1131,71096.14453,2024,20,sainz,832,ferrari,1,0.996150885,71370.85915,Austrian Grand Prix
1131,71142.07882,2024,19,russell,847,mercedes,2,0.99768697,71307.01408,Austrian Grand Prix
1131,71168.86179,2024,18,piastri,857,mclaren,3,0.99768697,71333.85915,Austrian Grand Prix
1131,71467.26856,2024,17,hamilton,1,mercedes,4,0.99768697,71632.95775,Austrian Grand Prix
1131,71569.29303,2024,16,norris,846,mclaren,5,0.99768697,71735.21875,Austrian Grand Prix
1131,71598.50217,2024,15,hulkenberg,807,haas,6,0.993474088,72068.8169,Austrian Grand Prix
1131,71650.92698,2024,14,gasly,842,alpine,7,0.992711929,72176.95775,Austrian Grand Prix
1131,71686.19374,2024,13,kevin_magnussen,825,haas,8,0.993474088,72157.08451,Austrian Grand Prix
1131,71690.85915,2024,12,max_verstappen,830,red_bull,9,1,71690.85915,Austrian Grand Prix
1131,71742.63399,2024,11,ocon,839,alpine,10,0.992711929,72269.33803,Austrian Grand Prix
1131,71825.38076,2024,10,bottas,822,sauber,11,0.989296636,72602.47143,Austrian Grand Prix
1131,71835.46368,2024,9,ricciardo,817,rb,12,0.995384615,72168.5493,Austrian Grand Prix
1131,71861.01158,2024,8,stroll,840,aston_martin,13,0.991570881,72471.88571,Austrian Grand Prix
1131,71869.96405,2024,7,albon,848,williams,14,0.991570881,72480.91429,Austrian Grand Prix
1131,71973.36061,2024,6,leclerc,844,ferrari,15,0.996150885,72251.46479,Austrian Grand Prix
1131,72077.04225,2024,5,perez,815,red_bull,16,1,72077.04225,Austrian Grand Prix
1131,72178.79387,2024,4,tsunoda,852,rb,17,0.995384615,72513.47143,Austrian Grand Prix
1131,72185.86632,2024,3,zhou,855,sauber,18,0.989296636,72966.85714,Austrian Grand Prix
1131,72391.16204,2024,2,alonso,4,aston_martin,19,0.991570881,73006.54286,Austrian Grand Prix
1131,72846.07094,2024,1,sargeant,858,williams,20,0.991570881,73465.31884,Austrian Grand Prix
