resultId,raceId,driverId,constructorId,number,grid,position,positionText,positionOrder,points,laps,time,milliseconds,fastestLap,rank,fastestLapTime,fastestLapSpeed,statusId
25846,1098,830,9,1,1,1,1,1,25,57,33:56.7,5636736,44,6,01:36.2,202.452,1
25847,1098,815,9,11,2,2,2,2,18,57,11.987,5648723,37,7,01:36.3,202.225,1
25848,1098,4,117,14,5,3,3,3,15,57,38.637,5675373,36,5,01:36.2,202.62,1
25849,1098,832,6,55,4,4,4,4,12,57,48.052,5684788,37,14,01:37.1,200.588,1
25850,1098,1,131,44,7,5,5,5,10,57,50.977,5687713,36,10,01:36.5,201.802,1
25851,1098,840,117,18,8,6,6,6,8,57,54.502,5691238,32,9,01:36.5,201.802,1
25852,1098,847,131,63,6,7,7,7,6,57,55.873,5692609,33,17,01:37.2,200.401,1
25853,1098,822,51,77,12,8,8,8,4,57,+1:12.647,5709383,31,18,01:37.4,200.075,1
25854,1098,842,214,10,20,9,9,9,2,57,+1:13.753,5710489,42,2,01:35.1,204.939,1
25855,1098,848,3,23,15,10,10,10,1,57,+1:29.774,5726510,43,15,01:37.1,200.559,1
25856,1098,852,213,22,14,11,11,11,0,57,+1:30.870,5727606,42,12,01:36.6,201.612,1
25857,1098,858,3,2,16,12,12,12,0,56,\N,\N,42,4,01:36.0,202.871,11
25858,1098,825,210,20,17,13,13,13,0,56,\N,\N,42,8,01:36.5,201.959,11
25859,1098,856,213,21,19,14,14,14,0,56,\N,\N,30,19,01:37.7,199.4,11
25860,1098,807,210,27,10,15,15,15,0,56,\N,\N,42,11,01:36.6,201.656,11
25861,1098,855,51,24,13,16,16,16,0,56,\N,\N,56,1,01:34.0,207.276,11
25862,1098,846,1,4,11,17,17,17,0,55,\N,\N,51,3,01:35.8,203.327,12
25863,1098,839,214,31,9,\N,R,18,0,41,\N,\N,34,13,01:36.8,201.278,26
25864,1098,844,6,16,3,\N,R,19,0,39,\N,\N,37,16,01:37.2,200.506,5
25865,1098,857,1,81,18,\N,R,20,0,13,\N,\N,3,20,01:40.7,193.494,10
25866,1099,815,9,11,1,1,1,1,25,50,21:14.9,4874894,38,2,01:32.2,241.098,1
25867,1099,830,9,1,15,2,2,2,19,50,5.355,4880249,50,1,01:31.9,241.838,1
25868,1099,4,117,14,2,3,3,3,15,50,20.728,4895622,50,3,01:32.2,240.962,1
25869,1099,847,131,63,3,4,4,4,12,50,25.866,4900760,50,4,01:32.4,240.459,1
25870,1099,1,131,44,7,5,5,5,10,50,31.065,4905959,47,6,01:32.9,239.145,1
25871,1099,832,6,55,4,6,6,6,8,50,35.876,4910770,50,5,01:32.8,239.451,1
25872,1099,844,6,16,12,7,7,7,6,50,43.162,4918056,47,7,01:33.1,238.849,1
25873,1099,839,214,31,6,8,8,8,4,50,52.832,4927726,49,8,01:33.2,238.424,1
25874,1099,842,214,10,9,9,9,9,2,50,54.747,4929641,50,10,01:33.4,237.99,1
25875,1099,825,210,20,13,10,10,10,1,50,+1:04.826,4939720,44,9,01:33.4,238.036,1
25876,1099,852,213,22,16,11,11,11,0,50,+1:07.494,4942388,50,14,01:33.9,236.624,1
25877,1099,807,210,27,10,12,12,12,0,50,+1:10.588,4945482,50,12,01:33.8,237.005,1
25878,1099,855,51,24,11,13,13,13,0,50,+1:16.060,4950954,49,13,01:33.9,236.718,1
25879,1099,856,213,21,18,14,14,14,0,50,+1:17.478,4952372,49,11,01:33.6,237.438,1
25880,1099,857,1,81,8,15,15,15,0,50,+1:25.021,4959915,48,16,01:34.3,235.731,1
25881,1099,858,3,2,20,16,16,16,0,50,+1:26.293,4961187,49,18,01:34.5,235.277,1
25882,1099,846,1,4,19,17,17,17,0,50,+1:26.445,4961339,49,15,01:34.1,236.144,1
25883,1099,822,51,77,14,18,18,18,0,49,\N,\N,37,17,01:34.4,235.489,11
25884,1099,848,3,23,17,\N,R,19,0,27,\N,\N,24,20,01:35.6,232.574,23
25885,1099,840,117,18,5,\N,R,20,0,16,\N,\N,7,19,01:35.1,233.617,5
25886,1100,830,9,1,1,1,1,1,25,58,32:38.4,9158371,49,2,01:20.3,236.498,1
25887,1100,1,131,44,3,2,2,2,18,58,0.179,9158550,49,5,01:20.6,235.703,1
25888,1100,4,117,14,4,3,3,3,15,58,0.769,9159140,53,4,01:20.5,236.105,1
25889,1100,840,117,18,6,4,4,4,12,58,3.082,9161453,50,6,01:20.9,234.769,1
25890,1100,815,9,11,0,5,5,5,11,58,3.32,9161691,53,1,01:20.2,236.814,1
25891,1100,846,1,4,13,6,6,6,8,58,3.701,9162072,46,9,01:21.2,234.077,1
25892,1100,807,210,27,10,7,7,7,6,58,4.939,9163310,46,8,01:21.1,234.219,1
25893,1100,857,1,81,16,8,8,8,4,58,5.382,9163753,53,12,01:21.3,233.611,1
25894,1100,855,51,24,17,9,9,9,2,58,5.713,9164084,48,16,01:21.8,232.229,1
25895,1100,852,213,22,12,10,10,10,1,58,6.052,9164423,52,15,01:21.8,232.314,1
25896,1100,822,51,77,0,11,11,11,0,58,6.513,9164884,46,17,01:22.2,231.06,1
25897,1100,832,6,55,5,12,12,12,0,58,6.594,9164965,53,3,01:20.5,236.131,1
25898,1100,842,214,10,9,13,13,13,0,56,\N,\N,47,7,01:21.0,234.592,4
25899,1100,839,214,31,11,14,14,14,0,56,\N,\N,44,11,01:21.2,233.991,4
25900,1100,856,213,21,15,15,15,15,0,56,\N,\N,50,10,01:21.2,234.049,4
25901,1100,858,3,2,18,16,16,16,0,56,\N,\N,50,13,01:21.5,233.264,4
25902,1100,825,210,20,14,17,17,17,0,52,\N,\N,52,14,01:21.7,232.61,3
25903,1100,847,131,63,2,\N,R,18,0,17,\N,\N,16,18,01:22.7,229.811,5
25904,1100,848,3,23,8,\N,R,19,0,6,\N,\N,6,19,01:23.3,227.966,3
25905,1100,844,6,16,7,\N,R,20,0,0,\N,\N,\N,0,\N,\N,4
25906,1101,815,9,11,3,1,1,1,25,51,32:42.4,5562436,50,5,01:44.6,206.625,1
25907,1101,830,9,1,2,2,2,2,18,51,2.137,5564573,51,2,01:44.2,207.333,1
25908,1101,844,6,16,1,3,3,3,15,51,21.217,5583653,49,4,01:44.6,206.681,1
25909,1101,4,117,14,6,4,4,4,12,51,22.024,5584460,49,3,01:44.2,207.315,1
25910,1101,832,6,55,4,5,5,5,10,51,45.491,5607927,48,6,01:45.2,205.474,1
25911,1101,1,131,44,5,6,6,6,8,51,46.145,5608581,48,7,01:45.3,205.141,1
25912,1101,840,117,18,9,7,7,7,6,51,51.617,5614053,45,9,01:45.6,204.595,1
25913,1101,847,131,63,11,8,8,8,5,51,+1:14.240,5636676,51,1,01:43.4,209.062,1
25914,1101,846,1,4,7,9,9,9,2,51,+1:20.376,5642812,49,12,01:45.7,204.38,1
25915,1101,852,213,22,8,10,10,10,1,51,+1:23.862,5646298,51,11,01:45.7,204.401,1
25916,1101,857,1,81,10,11,11,11,0,51,+1:26.501,5648937,51,10,01:45.6,204.587,1
25917,1101,848,3,23,12,12,12,12,0,51,+1:28.623,5651059,51,15,01:45.9,204.019,1
25918,1101,825,210,20,16,13,13,13,0,51,+1:29.729,5652165,51,13,01:45.9,204.164,1
25919,1101,842,214,10,17,14,14,14,0,51,+1:31.332,5653768,47,8,01:45.5,204.764,1
25920,1101,839,214,31,0,15,15,15,0,51,+1:37.794,5660230,49,14,01:45.9,204.052,1
25921,1101,858,3,2,14,16,16,16,0,51,+1:40.943,5663379,49,17,01:46.5,202.916,1
25922,1101,807,210,27,0,17,17,17,0,50,\N,\N,34,18,01:46.7,202.479,11
25923,1101,822,51,77,13,18,18,18,0,50,\N,\N,36,16,01:46.3,203.292,11
25924,1101,855,51,24,15,\N,R,19,0,36,\N,\N,31,19,01:47.6,200.931,25
25925,1101,856,213,21,18,\N,R,20,0,9,\N,\N,4,20,01:48.8,198.663,3
25926,1102,830,9,1,9,1,1,1,26,57,27:38.2,5258241,56,1,01:29.7,217.184,1
25927,1102,815,9,11,1,2,2,2,18,57,5.384,5263625,57,3,01:30.6,215.141,1
25928,1102,4,117,14,2,3,3,3,15,57,26.305,5284546,57,2,01:30.5,215.238,1
25929,1102,847,131,63,6,4,4,4,12,57,33.229,5291470,57,7,01:31.0,214.065,1
25930,1102,832,6,55,3,5,5,5,10,57,42.511,5300752,55,10,01:31.4,213.252,1
25931,1102,1,131,44,13,6,6,6,8,57,51.249,5309490,57,4,01:30.7,214.882,1
25932,1102,844,6,16,7,7,7,7,6,57,52.988,5311229,57,11,01:31.4,213.084,1
25933,1102,842,214,10,5,8,8,8,4,57,55.67,5313911,55,17,01:32.0,211.84,1
25934,1102,839,214,31,8,9,9,9,2,57,58.123,5316364,56,9,01:31.1,213.765,1
25935,1102,825,210,20,4,10,10,10,1,57,+1:02.945,5321186,53,13,01:31.7,212.487,1
25936,1102,852,213,22,17,11,11,11,0,57,+1:04.309,5322550,56,8,01:31.0,214.011,1
25937,1102,840,117,18,18,12,12,12,0,57,+1:04.754,5322995,44,5,01:30.9,214.426,1
25938,1102,822,51,77,10,13,13,13,0,57,+1:11.637,5329878,56,15,01:31.8,212.147,1
25939,1102,848,3,23,11,14,14,14,0,57,+1:12.861,5331102,55,16,01:31.9,212.115,1
25940,1102,807,210,27,12,15,15,15,0,57,+1:14.950,5333191,36,6,01:30.9,214.334,1
25941,1102,855,51,24,14,16,16,16,0,57,+1:18.440,5336681,56,14,01:31.7,212.383,1
25942,1102,846,1,4,16,17,17,17,0,57,+1:27.717,5345958,47,20,01:32.4,210.854,1
25943,1102,856,213,21,15,18,18,18,0,57,+1:28.949,5347190,57,12,01:31.6,212.786,1
25944,1102,857,1,81,19,19,19,19,0,56,\N,\N,56,18,01:32.0,211.76,11
25945,1102,858,3,2,20,20,20,20,0,56,\N,\N,50,19,01:32.4,210.893,11
25946,1104,830,9,1,1,1,1,1,25,78,48:52.0,6531980,23,7,01:16.6,156.822,1
25947,1104,4,117,14,2,2,2,2,18,78,27.921,6559901,43,9,01:16.7,156.678,1
25948,1104,839,214,31,3,3,3,3,15,78,36.99,6568970,41,6,01:16.5,156.977,1
25949,1104,1,131,44,5,4,4,4,13,78,39.062,6571042,33,1,01:15.7,158.799,1
25950,1104,847,131,63,8,5,5,5,10,78,56.284,6588264,48,10,01:16.8,156.425,1
25951,1104,844,6,16,6,6,6,6,8,78,+1:01.890,6593870,46,2,01:15.8,158.541,1
25952,1104,842,214,10,7,7,7,7,6,78,+1:02.362,6594342,49,3,01:15.8,158.42,1
25953,1104,832,6,55,4,8,8,8,4,78,+1:03.391,6595371,43,5,01:16.4,157.14,1
25954,1104,846,1,4,10,9,9,9,2,77,\N,\N,46,19,01:17.8,154.324,11
25955,1104,857,1,81,11,10,10,10,1,77,\N,\N,47,14,01:17.5,154.983,11
25956,1104,822,51,77,15,11,11,11,0,77,\N,\N,19,18,01:17.8,154.363,11
25957,1104,856,213,21,12,12,12,12,0,77,\N,\N,43,15,01:17.6,154.887,11
25958,1104,855,51,24,19,13,13,13,0,77,\N,\N,5,11,01:16.9,156.165,11
25959,1104,848,3,23,13,14,14,14,0,77,\N,\N,24,8,01:16.7,156.683,11
25960,1104,852,213,22,9,15,15,15,0,76,\N,\N,36,16,01:17.7,154.649,12
25961,1104,815,9,11,20,16,16,16,0,76,\N,\N,5,4,01:16.3,157.51,12
25962,1104,807,210,27,18,17,17,17,0,76,\N,\N,6,12,01:17.0,156.033,12
25963,1104,858,3,2,16,18,18,18,0,76,\N,\N,32,13,01:17.3,155.406,12
25964,1104,825,210,20,17,\N,R,19,0,70,\N,\N,41,20,01:18.4,153.325,130
25965,1104,840,117,18,14,\N,R,20,0,53,\N,\N,18,17,01:17.8,154.472,3
25966,1105,830,9,1,1,1,1,1,26,66,27:57.9,5277940,61,1,01:16.3,219.641,1
25967,1105,1,131,44,4,2,2,2,18,66,24.09,5302030,62,3,01:16.7,218.649,1
25968,1105,847,131,63,12,3,3,3,15,66,32.389,5310329,48,5,01:17.9,215.283,1
25969,1105,815,9,11,11,4,4,4,12,66,35.812,5313752,52,2,01:16.7,218.678,1
25970,1105,832,6,55,2,5,5,5,10,66,45.698,5323638,60,11,01:18.4,213.833,1
25971,1105,840,117,18,5,6,6,6,8,66,+1:03.320,5341260,56,14,01:18.7,212.967,1
25972,1105,4,117,14,8,7,7,7,6,66,+1:04.127,5342067,49,7,01:18.1,214.709,1
25973,1105,839,214,31,6,8,8,8,4,66,+1:09.242,5347182,54,18,01:18.9,212.362,1
25974,1105,855,51,24,13,9,9,9,2,66,+1:11.878,5349818,38,15,01:18.8,212.883,1
25975,1105,842,214,10,10,10,10,10,1,66,+1:13.530,5351470,41,10,01:18.4,213.91,1
25976,1105,844,6,16,19,11,11,11,0,66,+1:14.419,5352359,52,9,01:18.4,213.959,1
25977,1105,852,213,22,15,12,12,12,0,66,+1:15.416,5353356,59,17,01:18.9,212.475,1
25978,1105,857,1,81,9,13,13,13,0,65,\N,\N,41,13,01:18.7,213.083,11
25979,1105,856,213,21,14,14,14,14,0,65,\N,\N,41,12,01:18.6,213.313,11
25980,1105,807,210,27,7,15,15,15,0,65,\N,\N,53,16,01:18.8,212.821,11
25981,1105,848,3,23,18,16,16,16,0,65,\N,\N,59,19,01:19.1,211.861,11
25982,1105,846,1,4,3,17,17,17,0,65,\N,\N,55,4,01:17.2,217.216,11
25983,1105,825,210,20,17,18,18,18,0,65,\N,\N,44,6,01:18.1,214.748,11
25984,1105,822,51,77,16,19,19,19,0,65,\N,\N,50,8,01:18.2,214.273,11
25985,1105,858,3,2,20,20,20,20,0,65,\N,\N,41,20,01:19.2,211.556,11
25986,1106,830,9,1,1,1,1,1,25,70,33:58.3,5638348,68,3,01:15.6,207.683,1
25987,1106,4,117,14,2,2,2,2,18,70,9.57,5647918,62,4,01:15.8,207.176,1
25988,1106,1,131,44,3,3,3,3,15,70,4.598,5642946,47,2,01:15.4,208.228,1
25989,1106,844,6,16,10,4,4,4,12,70,18.648,5656996,47,5,01:15.9,206.826,1
25990,1106,832,6,55,11,5,5,5,10,70,21.54,5659888,47,6,01:15.9,206.815,1
25991,1106,815,9,11,12,6,6,6,9,70,51.028,5689376,70,1,01:14.5,210.786,1
25992,1106,848,3,23,9,7,7,7,6,70,+1:00.813,5699161,68,16,01:16.9,204.11,1
25993,1106,839,214,31,6,8,8,8,4,70,+1:01.692,5700040,63,15,01:16.8,204.469,1
25994,1106,840,117,18,16,9,9,9,2,70,+1:04.402,5702750,58,10,01:16.6,205.051,1
25995,1106,822,51,77,14,10,10,10,1,70,+1:04.432,5702780,52,12,01:16.6,204.888,1
25996,1106,857,1,81,8,11,11,11,0,70,+1:05.101,5703449,59,11,01:16.6,204.96,1
25997,1106,842,214,10,15,12,12,12,0,70,+1:05.249,5703597,67,9,01:16.4,205.424,1
25998,1106,846,1,4,7,13,13,13,0,70,+1:08.363,5706711,65,8,01:16.4,205.562,1
25999,1106,852,213,22,19,14,14,14,0,70,+1:13.423,5711771,68,14,01:16.7,204.779,1
26000,1106,807,210,27,5,15,15,15,0,69,\N,\N,37,19,01:17.2,203.278,11
26001,1106,855,51,24,20,16,16,16,0,69,\N,\N,58,17,01:17.1,203.652,11
26002,1106,825,210,20,13,17,17,17,0,69,\N,\N,55,7,01:16.1,206.231,11
26003,1106,856,213,21,17,18,18,18,0,69,\N,\N,52,13,01:16.7,204.805,11
26004,1106,847,131,63,4,\N,R,19,0,53,\N,\N,44,18,01:17.1,203.634,23
26005,1106,858,3,2,18,\N,R,20,0,6,\N,\N,4,20,01:18.4,200.155,5
26006,1107,830,9,1,1,1,1,1,26,71,25:33.6,5133607,71,1,01:07.0,231.97,1
26007,1107,844,6,16,2,2,2,2,18,71,5.155,5138762,51,5,01:08.8,225.876,1
26008,1107,815,9,11,15,3,3,3,15,71,17.188,5150795,52,2,01:08.1,228.227,1
26009,1107,846,1,4,4,4,4,4,12,71,26.327,5159934,48,4,01:08.7,226.142,1
26010,1107,4,117,14,7,5,5,5,10,71,30.317,5163924,54,8,01:09.1,224.934,1
26011,1107,832,6,55,3,6,6,6,8,71,31.377,5164984,50,6,01:08.9,225.679,1
26012,1107,847,131,63,11,7,7,7,6,71,48.403,5182010,49,10,01:09.3,224.366,1
26013,1107,1,131,44,5,8,8,8,4,71,49.196,5182803,48,9,01:09.2,224.765,1
26014,1107,840,117,18,6,9,9,9,2,71,59.043,5192650,57,3,01:08.5,227.054,1
26015,1107,842,214,10,9,10,10,10,1,71,+1:07.667,5201274,48,7,01:09.0,225.136,1
26016,1107,848,3,23,10,11,11,11,0,71,+1:19.767,5213374,53,11,01:09.6,223.473,1
26017,1107,855,51,24,17,12,12,12,0,70,\N,\N,46,14,01:09.8,222.749,11
26018,1107,858,3,2,18,13,13,13,0,70,\N,\N,45,12,01:09.6,223.309,11
26019,1107,839,214,31,12,14,14,14,0,70,\N,\N,50,15,01:09.8,222.714,11
26020,1107,822,51,77,14,15,15,15,0,70,\N,\N,49,18,01:09.9,222.259,11
26021,1107,857,1,81,13,16,16,16,0,70,\N,\N,46,17,01:09.9,222.507,11
26022,1107,856,213,21,0,17,17,17,0,70,\N,\N,46,16,01:09.9,222.539,11
26023,1107,825,210,20,0,18,18,18,0,70,\N,\N,37,19,01:10.2,221.511,11
26024,1107,852,213,22,16,19,19,19,0,70,\N,\N,45,13,01:09.6,223.28,11
26025,1107,807,210,27,8,\N,R,20,0,12,\N,\N,7,20,01:11.1,218.737,75
26026,1108,830,9,1,1,1,1,1,26,52,25:16.9,5116938,42,1,01:30.3,234.922,1
26027,1108,846,1,4,2,2,2,2,18,52,3.798,5120736,43,2,01:30.5,234.226,1
26028,1108,1,131,44,7,3,3,3,15,52,6.783,5123721,43,3,01:30.5,234.221,1
26029,1108,857,1,81,3,4,4,4,12,52,7.776,5124714,41,4,01:30.9,233.435,1
26030,1108,847,131,63,6,5,5,5,10,52,11.206,5128144,41,6,01:31.1,232.733,1
26031,1108,815,9,11,15,6,6,6,8,52,12.882,5129820,51,5,01:30.9,233.271,1
26032,1108,4,117,14,9,7,7,7,6,52,17.193,5134131,48,9,01:31.3,232.188,1
26033,1108,848,3,23,8,8,8,8,4,52,17.878,5134816,41,8,01:31.3,232.353,1
26034,1108,844,6,16,4,9,9,9,2,52,18.689,5135627,48,7,01:31.3,232.399,1
26035,1108,832,6,55,5,10,10,10,1,52,19.448,5136386,51,10,01:31.4,232.116,1
26036,1108,858,3,2,14,11,11,11,0,52,23.632,5140570,42,13,01:31.7,231.274,1
26037,1108,822,51,77,20,12,12,12,0,52,25.83,5142768,52,16,01:31.9,230.888,1
26038,1108,807,210,27,11,13,13,13,0,52,26.663,5143601,52,15,01:31.8,231.08,1
26039,1108,840,117,18,12,14,14,14,0,52,27.483,5144421,42,11,01:31.5,231.756,1
26040,1108,855,51,24,17,15,15,15,0,52,29.82,5146758,48,14,01:31.8,231.097,1
26041,1108,852,213,22,16,16,16,16,0,52,31.225,5148163,48,17,01:32.1,230.307,1
26042,1108,856,213,21,18,17,17,17,0,52,33.128,5150066,48,18,01:32.4,229.636,1
26043,1108,842,214,10,10,18,18,18,0,46,\N,\N,42,12,01:31.5,231.678,130
26044,1108,825,210,20,19,\N,R,19,0,31,\N,\N,29,19,01:33.4,227.169,5
26045,1108,839,214,31,13,\N,R,20,0,9,\N,\N,4,20,01:33.9,225.754,44
26046,1109,830,9,1,2,1,1,1,26,70,38:08.6,5888634,53,1,01:20.5,195.91,1
26047,1109,846,1,4,3,2,2,2,18,70,33.731,5922365,50,4,01:22.2,191.919,1
26048,1109,815,9,11,9,3,3,3,15,70,37.603,5926237,53,5,01:22.3,191.647,1
26049,1109,1,131,44,1,4,4,4,12,70,39.134,5927768,54,2,01:21.6,193.277,1
26050,1109,857,1,81,4,5,5,5,10,70,+1:02.572,5951206,45,8,01:22.7,190.625,1
26051,1109,847,131,63,18,6,6,6,8,70,+1:05.825,5954459,48,3,01:22.2,191.966,1
26052,1109,844,6,16,6,7,7,7,6,70,+1:10.317,5958951,50,6,01:22.5,191.242,1
26053,1109,832,6,55,11,8,8,8,4,70,+1:11.073,5959707,54,7,01:22.6,190.976,1
26054,1109,4,117,14,8,9,9,9,2,70,+1:15.709,5964343,51,9,01:22.7,190.604,1
26055,1109,840,117,18,14,10,10,10,1,69,\N,\N,54,11,01:23.4,189.051,11
26056,1109,848,3,23,16,11,11,11,0,69,\N,\N,54,18,01:24.1,187.643,11
26057,1109,822,51,77,7,12,12,12,0,69,\N,\N,42,14,01:23.7,188.54,11
26058,1109,817,213,3,13,13,13,13,0,69,\N,\N,67,17,01:23.9,187.904,11
26059,1109,807,210,27,10,14,14,14,0,69,\N,\N,42,13,01:23.6,188.716,11
26060,1109,852,213,22,17,15,15,15,0,69,\N,\N,68,10,01:23.3,189.405,11
26061,1109,855,51,24,5,16,16,16,0,69,\N,\N,12,15,01:23.7,188.333,11
26062,1109,825,210,20,19,17,17,17,0,69,\N,\N,54,16,01:23.9,188.061,11
26063,1109,858,3,2,20,\N,R,18,0,67,\N,\N,36,12,01:23.5,188.89,31
26064,1109,839,214,31,12,\N,R,19,0,2,\N,\N,\N,0,\N,\N,130
26065,1109,842,214,10,15,\N,R,20,0,1,\N,\N,\N,0,\N,\N,130
26066,1110,830,9,1,6,1,1,1,25,44,22:30.4,4950450,32,2,01:48.9,231.49,1
26067,1110,815,9,11,2,2,2,2,18,44,22.305,4972755,31,6,01:50.3,228.581,1
26068,1110,844,6,16,1,3,3,3,15,44,32.259,4982709,30,7,01:50.4,228.316,1
26069,1110,1,131,44,3,4,4,4,13,44,49.671,5000121,44,1,01:47.3,234.978,1
26070,1110,4,117,14,9,5,5,5,10,44,56.184,5006634,42,13,01:50.9,227.283,1
26071,1110,847,131,63,8,6,6,6,8,44,+1:03.101,5013551,25,11,01:50.6,227.972,1
26072,1110,846,1,4,7,7,7,7,6,44,+1:13.719,5024169,26,18,01:51.7,225.769,1
26073,1110,839,214,31,14,8,8,8,4,44,+1:14.719,5025169,27,8,01:50.4,228.31,1
26074,1110,840,117,18,10,9,9,9,2,44,+1:19.340,5029790,26,16,01:51.3,226.55,1
26075,1110,852,213,22,11,10,10,10,1,44,+1:20.221,5030671,26,17,01:51.4,226.353,1
26076,1110,842,214,10,12,11,11,11,0,44,+1:23.084,5033534,25,12,01:50.9,227.339,1
26077,1110,822,51,77,13,12,12,12,0,44,+1:25.191,5035641,26,10,01:50.5,228.153,1
26078,1110,855,51,24,17,13,13,13,0,44,+1:35.441,5045891,27,5,01:50.2,228.83,1
26079,1110,848,3,23,15,14,14,14,0,44,+1:36.184,5046634,35,3,01:49.8,229.553,1
26080,1110,825,210,20,16,15,15,15,0,44,+1:41.754,5052204,27,14,01:51.0,227.171,1
26081,1110,817,213,3,19,16,16,16,0,44,+1:43.071,5053521,25,15,01:51.0,227.169,1
26082,1110,858,3,2,18,17,17,17,0,44,+1:44.476,5054926,37,9,01:50.5,228.213,1
26083,1110,807,210,27,0,18,18,18,0,44,+1:50.450,5060900,26,4,01:49.9,229.415,1
26084,1110,832,6,55,4,\N,R,19,0,23,\N,\N,9,19,01:53.1,222.864,130
26085,1110,857,1,81,5,\N,R,20,0,0,\N,\N,\N,0,\N,\N,130
26086,1111,830,9,1,1,1,1,1,25,72,24:04.4,8644411,58,2,01:13.9,207.505,1
26087,1111,4,117,14,5,2,2,2,19,72,3.744,8648155,56,1,01:13.8,207.651,1
26088,1111,842,214,10,12,3,3,3,15,72,7.058,8651469,55,7,01:14.4,205.967,1
26089,1111,815,9,11,7,4,4,4,12,72,10.068,8655093,59,4,01:14.2,206.549,1
26090,1111,832,6,55,6,5,5,5,10,72,12.541,8656952,54,13,01:14.9,204.612,1
26091,1111,1,131,44,13,6,6,6,8,72,13.209,8657620,58,3,01:13.9,207.463,1
26092,1111,846,1,4,2,7,7,7,6,72,13.232,8657643,50,6,01:14.4,206.108,1
26093,1111,848,3,23,4,8,8,8,4,72,15.155,8659566,55,8,01:14.5,205.892,1
26094,1111,857,1,81,8,9,9,9,2,72,16.58,8660991,54,5,01:14.3,206.36,1
26095,1111,839,214,31,16,10,10,10,1,72,18.346,8662757,51,10,01:14.6,205.61,1
26096,1111,840,117,18,11,11,11,11,0,72,20.087,8664498,37,15,01:15.2,203.966,1
26097,1111,807,210,27,14,12,12,12,0,72,20.84,8665251,53,9,01:14.5,205.881,1
26098,1111,859,213,40,19,13,13,13,0,72,26.147,8670558,49,12,01:14.8,204.923,1
26099,1111,822,51,77,18,14,14,14,0,72,27.388,8671799,49,11,01:14.7,205.258,1
26100,1111,852,213,22,17,15,15,15,0,72,29.893,8682344,35,18,01:16.3,201.072,1
26101,1111,825,210,20,0,16,16,16,0,72,31.41,8679515,37,17,01:15.5,203.107,1
26102,1111,847,131,63,3,17,17,17,0,72,55.754,8700165,54,14,01:15.1,204.094,1
26103,1111,855,51,24,15,\N,R,18,0,62,\N,\N,39,16,01:15.4,203.301,3
26104,1111,844,6,16,9,\N,R,19,0,41,\N,\N,33,19,01:17.3,198.408,140
26105,1111,858,3,2,10,\N,R,20,0,14,\N,\N,13,20,01:17.4,198.095,3
26106,1112,830,9,1,2,1,1,1,25,51,13:41.1,4421143,33,2,01:25.2,244.659,1
26107,1112,815,9,11,5,2,2,2,18,51,6.064,4427207,39,4,01:25.5,243.853,1
26108,1112,832,6,55,1,3,3,3,15,51,11.193,4432336,30,3,01:25.5,243.912,1
26109,1112,844,6,16,3,4,4,4,12,51,11.377,4432520,38,5,01:25.6,243.687,1
26110,1112,847,131,63,4,5,5,5,10,51,23.028,4444171,38,9,01:25.8,242.929,1
26111,1112,1,131,44,8,6,6,6,8,51,42.679,4463822,29,6,01:25.6,243.682,1
26112,1112,848,3,23,6,7,7,7,6,51,45.106,4466249,33,16,01:26.4,241.405,1
26113,1112,846,1,4,9,8,8,8,4,51,45.449,4466592,24,14,01:26.1,242.092,1
26114,1112,4,117,14,10,9,9,9,2,51,46.294,4467437,43,13,01:26.1,242.201,1
26115,1112,822,51,77,14,10,10,10,1,51,+1:04.056,4485199,27,12,01:26.0,242.531,1
26116,1112,859,213,40,12,11,11,11,0,51,+1:10.638,4491781,44,8,01:25.8,242.944,1
26117,1112,857,1,81,7,12,12,12,0,51,+1:13.074,4494217,43,1,01:25.1,245.142,1
26118,1112,858,3,2,15,13,13,13,0,51,+1:18.557,4499700,16,18,01:26.8,240.152,1
26119,1112,855,51,24,16,14,14,14,0,51,+1:20.164,4501307,35,11,01:26.0,242.545,1
26120,1112,842,214,10,17,15,15,15,0,51,+1:22.510,4503653,44,7,01:25.8,243.181,1
26121,1112,840,117,18,20,16,16,16,0,51,+1:27.266,4508409,31,17,01:26.6,240.77,1
26122,1112,807,210,27,13,17,17,17,0,50,\N,\N,50,10,01:25.9,242.796,11
26123,1112,825,210,20,19,18,18,18,0,50,\N,\N,42,15,01:26.3,241.716,11
26124,1112,839,214,31,18,\N,R,19,0,39,\N,\N,33,19,01:27.0,239.812,38
26125,1112,852,213,22,11,\N,R,20,0,0,\N,\N,\N,0,\N,\N,5
26126,1113,832,6,55,1,1,1,1,25,62,46:37.4,6397418,47,7,01:37.7,182.089,1
26127,1113,846,1,4,4,2,2,2,18,62,0.812,6398230,46,8,01:38.0,181.384,1
26128,1113,1,131,44,5,3,3,3,16,62,1.269,6398687,47,1,01:35.9,185.507,1
26129,1113,844,6,16,3,4,4,4,12,62,21.177,6418595,46,11,01:38.3,180.961,1
26130,1113,830,9,1,11,5,5,5,10,62,21.441,6418859,61,4,01:36.6,184.147,1
26131,1113,842,214,10,12,6,6,6,8,62,38.441,6435859,46,12,01:38.3,180.957,1
26132,1113,857,1,81,17,7,7,7,6,62,41.479,6438897,46,13,01:38.5,180.562,1
26133,1113,815,9,11,13,8,8,8,4,62,59.534,6456952,61,5,01:37.1,183.136,1
26134,1113,859,213,40,10,9,9,9,2,62,+1:05.918,6463336,47,15,01:39.0,179.585,1
26135,1113,825,210,20,6,10,10,10,1,62,+1:12.116,6469534,48,10,01:38.1,181.271,1
26136,1113,848,3,23,14,11,11,11,0,62,+1:13.417,6470835,46,6,01:37.3,182.696,1
26137,1113,855,51,24,0,12,12,12,0,62,+1:23.649,6481067,46,16,01:39.3,179.064,1
26138,1113,807,210,27,9,13,13,13,0,62,+1:26.201,6483619,50,17,01:39.9,177.977,1
26139,1113,858,3,2,18,14,14,14,0,62,+1:26.889,6484307,45,14,01:38.5,180.491,1
26140,1113,4,117,14,7,15,15,15,0,62,+1:27.603,6485021,47,3,01:36.5,184.374,1
26141,1113,847,131,63,2,16,16,16,0,61,\N,\N,46,2,01:36.3,184.724,3
26142,1113,822,51,77,16,\N,R,17,0,51,\N,\N,51,9,01:38.1,181.33,39
26143,1113,839,214,31,8,\N,R,18,0,42,\N,\N,33,18,01:39.9,177.964,6
26144,1113,852,213,22,15,\N,R,19,0,0,\N,\N,\N,0,\N,\N,4
26145,1113,840,117,18,0,\N,W,20,0,0,\N,\N,\N,0,\N,\N,54
26146,1114,830,9,1,1,1,1,1,26,53,30:58.4,5458421,39,1,01:34.2,221.963,1
26147,1114,846,1,4,3,2,2,2,18,53,19.387,5477808,40,2,01:35.2,219.484,1
26148,1114,857,1,81,2,3,3,3,15,53,36.494,5494915,38,5,01:36.3,217.021,1
26149,1114,844,6,16,4,4,4,4,12,53,43.998,5502419,40,6,01:36.4,216.944,1
26150,1114,1,131,44,7,5,5,5,10,53,49.376,5507797,36,3,01:35.6,218.648,1
26151,1114,832,6,55,6,6,6,6,8,53,50.221,5508642,40,4,01:36.2,217.339,1
26152,1114,847,131,63,8,7,7,7,6,53,57.659,5516080,27,11,01:37.7,214.076,1
26153,1114,4,117,14,10,8,8,8,4,53,+1:14.725,5533146,28,8,01:37.2,215.067,1
26154,1114,839,214,31,14,9,9,9,2,53,+1:19.678,5538099,34,10,01:37.4,214.636,1
26155,1114,842,214,10,12,10,10,10,1,53,+1:23.155,5541576,36,7,01:36.4,216.924,1
26156,1114,859,213,40,11,11,11,11,0,52,\N,\N,50,15,01:38.3,212.738,11
26157,1114,852,213,22,9,12,12,12,0,52,\N,\N,36,12,01:37.8,213.824,11
26158,1114,855,51,24,19,13,13,13,0,52,\N,\N,45,13,01:37.8,213.774,11
26159,1114,807,210,27,18,14,14,14,0,52,\N,\N,44,9,01:37.3,214.963,11
26160,1114,825,210,20,15,15,15,15,0,52,\N,\N,41,14,01:37.8,213.662,11
26161,1114,848,3,23,13,\N,R,16,0,26,\N,\N,15,18,01:39.2,210.769,130
26162,1114,858,3,2,0,\N,R,17,0,22,\N,\N,7,16,01:38.8,211.488,130
26163,1114,840,117,18,17,\N,R,18,0,20,\N,\N,16,17,01:39.0,211.057,65
26164,1114,815,9,11,5,\N,R,19,0,15,\N,\N,8,19,01:39.7,209.672,130
26165,1114,822,51,77,16,\N,R,20,0,7,\N,\N,5,20,02:02.8,170.3,130
26166,1115,830,9,1,1,1,1,1,26,57,27:39.2,5259168,56,1,01:24.3,231.364,1
26167,1115,857,1,81,6,2,2,2,18,57,4.833,5264001,48,3,01:24.9,229.724,1
26168,1115,846,1,4,10,3,3,3,15,57,5.969,5265137,47,2,01:24.8,229.938,1
26169,1115,847,131,63,2,4,4,4,12,57,34.119,5293287,35,5,01:25.8,227.45,1
26170,1115,844,6,16,5,5,5,5,10,57,38.976,5298144,57,4,01:25.0,229.532,1
26171,1115,4,117,14,4,6,6,6,8,57,49.032,5308200,57,6,01:26.0,226.723,1
26172,1115,839,214,31,8,7,7,7,6,57,+1:02.390,5321558,42,11,01:26.5,225.661,1
26173,1115,822,51,77,9,8,8,8,4,57,+1:06.563,5325731,54,13,01:26.7,225.135,1
26174,1115,855,51,24,19,9,9,9,2,57,+1:16.127,5335295,54,9,01:26.3,225.993,1
26175,1115,815,9,11,0,10,10,10,1,57,+1:20.181,5339349,50,7,01:26.2,226.263,1
26176,1115,840,117,18,16,11,11,11,0,57,+1:21.652,5340820,55,10,01:26.4,225.917,1
26177,1115,842,214,10,7,12,12,12,0,57,+1:22.300,5341468,49,8,01:26.3,226.027,1
26178,1115,848,3,23,13,13,13,13,0,57,+1:31.014,5350182,57,14,01:26.7,225.098,1
26179,1115,825,210,20,18,14,14,14,0,56,\N,\N,46,15,01:27.1,224.061,11
26180,1115,852,213,22,11,15,15,15,0,56,\N,\N,55,17,01:27.2,223.786,11
26181,1115,807,210,27,14,16,16,16,0,56,\N,\N,45,12,01:26.5,225.559,11
26182,1115,859,213,40,17,17,17,17,0,56,\N,\N,54,16,01:27.1,223.943,11
26183,1115,858,3,2,15,\N,R,18,0,40,\N,\N,31,18,01:28.0,221.729,139
26184,1115,1,131,44,3,\N,R,19,0,0,\N,\N,\N,0,\N,\N,4
26185,1115,832,6,55,12,\N,W,20,0,0,\N,\N,\N,0,\N,\N,95
26186,1116,830,9,1,6,1,1,1,25,56,35:21.4,5721362,40,9,01:40.0,198.412,1
26187,1116,846,1,4,2,2,2,2,18,56,10.73,5732092,39,8,01:40.0,198.497,1
26188,1116,832,6,55,4,3,3,3,15,56,15.134,5736496,51,10,01:40.0,198.4,1
26189,1116,815,9,11,9,4,4,4,12,56,18.46,5739822,40,5,01:39.7,198.991,1
26190,1116,847,131,63,5,5,5,5,10,56,24.999,5746361,48,3,01:39.4,199.68,1
26191,1116,842,214,10,7,6,6,6,8,56,47.996,5769358,47,11,01:40.4,197.653,1
26192,1116,840,117,18,0,7,7,7,6,56,48.696,5770058,48,6,01:39.9,198.65,1
26193,1116,852,213,22,11,8,8,8,5,56,+1:14.385,5795747,56,1,01:38.1,202.231,1
26194,1116,848,3,23,15,9,9,9,2,56,+1:26.714,5808076,40,15,01:41.4,195.783,1
26195,1116,858,3,2,16,10,10,10,1,56,+1:27.998,5809360,34,14,01:41.2,196.041,1
26196,1116,807,210,27,0,11,11,11,0,56,+1:29.904,5811266,45,12,01:40.9,196.648,1
26197,1116,822,51,77,13,12,12,12,0,56,+1:38.601,5819963,54,18,01:42.0,194.629,1
26198,1116,855,51,24,12,13,13,13,0,55,\N,\N,51,17,01:41.9,194.807,11
26199,1116,825,210,20,0,14,14,14,0,55,\N,\N,41,16,01:41.5,195.523,11
26200,1116,817,213,3,14,15,15,15,0,55,\N,\N,49,2,01:39.4,199.734,11
26201,1116,4,117,14,0,\N,R,16,0,49,\N,\N,47,7,01:40.0,198.559,140
26202,1116,857,1,81,10,\N,R,17,0,10,\N,\N,5,19,01:42.7,193.24,21
26203,1116,839,214,31,8,\N,R,18,0,6,\N,\N,2,20,01:44.8,189.397,130
26204,1116,1,131,44,3,\N,D,19,0,56,\N,\N,42,4,01:39.6,199.301,2
26205,1116,844,6,16,1,\N,D,20,0,56,\N,\N,\N,0,\N,\N,2
26206,1117,830,9,1,3,1,1,1,25,71,02:30.8,7350814,40,2,01:21.6,189.78,1
26207,1117,1,131,44,6,2,2,2,19,71,13.875,7364689,71,1,01:21.3,190.503,1
26208,1117,844,6,16,1,3,3,3,15,71,23.124,7373938,38,4,01:22.3,188.194,1
26209,1117,832,6,55,2,4,4,4,12,71,27.154,7377968,57,6,01:22.5,187.722,1
26210,1117,846,1,4,17,5,5,5,10,71,33.266,7384080,71,3,01:21.9,189.085,1
26211,1117,847,131,63,8,6,6,6,8,71,41.02,7391834,38,10,01:22.8,187.175,1
26212,1117,817,213,3,4,7,7,7,6,71,41.57,7392384,66,7,01:22.7,187.404,1
26213,1117,857,1,81,7,8,8,8,4,71,43.104,7393918,53,8,01:22.8,187.22,1
26214,1117,848,3,23,14,9,9,9,2,71,48.573,7399387,65,9,01:22.8,187.191,1
26215,1117,839,214,31,15,10,10,10,1,71,+1:02.879,7413693,66,11,01:23.0,186.733,1
26216,1117,842,214,10,11,11,11,11,0,71,+1:06.208,7417022,43,16,01:23.2,186.163,1
26217,1117,852,213,22,18,12,12,12,0,71,+1:18.982,7429796,11,5,01:22.5,187.808,1
26218,1117,807,210,27,12,13,13,13,0,71,+1:20.309,7431123,43,15,01:23.2,186.181,1
26219,1117,855,51,24,10,14,14,14,0,71,+1:21.676,7432490,39,19,01:23.6,185.412,1
26220,1117,822,51,77,9,15,15,15,0,71,+1:25.597,7436411,43,14,01:23.2,186.306,1
26221,1117,858,3,2,19,16,16,16,0,70,\N,\N,24,12,01:23.0,186.672,31
26222,1117,840,117,18,0,17,17,17,0,66,\N,\N,43,17,01:23.3,186.103,130
26223,1117,4,117,14,13,\N,R,18,0,47,\N,\N,40,18,01:23.5,185.492,54
26224,1117,825,210,20,16,\N,R,19,0,31,\N,\N,25,13,01:23.1,186.351,3
26225,1117,815,9,11,5,\N,R,20,0,1,\N,\N,\N,0,\N,\N,130
26226,1118,830,9,1,1,1,1,1,25,71,56:48.9,7008894,68,2,01:13.4,211.277,1
26227,1118,846,1,4,6,2,2,2,19,71,8.277,7017171,61,1,01:12.5,214.005,1
26228,1118,4,117,14,4,3,3,3,15,71,34.155,7043049,54,10,01:14.4,208.382,1
26229,1118,815,9,11,9,4,4,4,12,71,34.208,7043102,55,5,01:14.1,209.276,1
26230,1118,840,117,18,3,5,5,5,10,71,40.845,7049739,67,4,01:14.0,209.607,1
26231,1118,832,6,55,7,6,6,6,8,71,50.188,7059082,59,9,01:14.4,208.483,1
26232,1118,842,214,10,15,7,7,7,6,71,56.093,7064987,48,11,01:14.5,208.161,1
26233,1118,1,131,44,5,8,8,8,4,71,+1:02.859,7071753,59,12,01:14.7,207.554,1
26234,1118,852,213,22,16,9,9,9,2,71,+1:09.880,7078774,64,7,01:14.2,208.974,1
26235,1118,839,214,31,14,10,10,10,1,70,\N,\N,53,6,01:14.2,209.045,11
26236,1118,858,3,2,19,11,11,11,0,70,\N,\N,51,16,01:15.7,204.816,11
26237,1118,807,210,27,11,12,12,12,0,70,\N,\N,66,14,01:15.0,206.732,11
26238,1118,817,213,3,17,13,13,13,0,70,\N,\N,68,3,01:13.9,210.007,11
26239,1118,857,1,81,10,14,14,14,0,69,\N,\N,66,8,01:14.3,208.752,12
26240,1118,847,131,63,8,\N,R,15,0,57,\N,\N,55,13,01:14.9,207.014,25
26241,1118,822,51,77,18,\N,R,16,0,39,\N,\N,20,15,01:15.7,204.835,5
26242,1118,855,51,24,20,\N,R,17,0,22,\N,\N,17,17,01:16.2,203.489,5
26243,1118,825,210,20,12,\N,R,18,0,0,\N,\N,\N,0,\N,\N,4
26244,1118,848,3,23,13,\N,R,19,0,0,\N,\N,\N,0,\N,\N,4
26245,1118,844,6,16,0,\N,W,20,0,0,\N,\N,\N,0,\N,\N,5
26246,1119,830,9,1,2,1,1,1,25,50,29:08.3,5348289,44,2,01:35.6,233.476,1
26247,1119,844,6,16,1,2,2,2,18,50,2.07,5350359,50,3,01:35.7,233.342,1
26248,1119,815,9,11,11,3,3,3,15,50,2.241,5350530,40,5,01:35.9,232.685,1
26249,1119,839,214,31,16,4,4,4,12,50,18.665,5366954,47,10,01:36.6,231.004,1
26250,1119,840,117,18,19,5,5,5,10,50,20.067,5368356,45,9,01:36.6,231.131,1
26251,1119,832,6,55,12,6,6,6,8,50,20.834,5369123,47,6,01:36.0,232.576,1
26252,1119,1,131,44,10,7,7,7,6,50,21.755,5370044,48,4,01:35.7,233.227,1
26253,1119,847,131,63,3,8,8,8,4,50,23.091,5371380,44,7,01:36.1,232.365,1
26254,1119,4,117,14,9,9,9,9,2,50,25.964,5374253,42,8,01:36.6,231.191,1
26255,1119,857,1,81,18,10,10,10,2,50,29.496,5377785,47,1,01:35.5,233.779,1
26256,1119,842,214,10,4,11,11,11,0,50,34.27,5382559,37,11,01:36.9,230.346,1
26257,1119,848,3,23,5,12,12,12,0,50,43.398,5391687,50,13,01:37.4,229.296,1
26258,1119,825,210,20,8,13,13,13,0,50,44.825,5393114,50,15,01:37.5,229.065,1
26259,1119,817,213,3,14,14,14,14,0,50,48.525,5396814,50,12,01:37.1,229.884,1
26260,1119,855,51,24,17,15,15,15,0,50,50.162,5398451,32,14,01:37.4,229.253,1
26261,1119,858,3,2,6,16,16,16,0,50,50.882,5399171,32,19,01:37.7,228.397,1
26262,1119,822,51,77,7,17,17,17,0,50,+1:25.350,5433639,49,16,01:37.6,228.814,1
26263,1119,852,213,22,20,18,18,18,0,46,\N,\N,45,18,01:37.6,228.755,6
26264,1119,807,210,27,13,19,19,19,0,45,\N,\N,43,17,01:37.6,228.807,5
26265,1119,846,1,4,15,\N,R,20,0,2,\N,\N,2,20,01:59.3,187.079,3
26266,1120,830,9,1,1,1,1,1,26,58,27:02.6,5222624,45,1,01:27.0,218.541,1
26267,1120,844,6,16,2,2,2,2,18,58,17.993,5240617,44,8,01:28.2,215.553,1
26268,1120,847,131,63,4,3,3,3,15,58,20.328,5242952,45,7,01:28.2,215.582,1
26269,1120,815,9,11,9,4,4,4,12,58,21.453,5244077,44,2,01:27.5,217.292,1
26270,1120,846,1,4,5,5,5,5,10,58,24.284,5246908,45,6,01:28.2,215.639,1
26271,1120,857,1,81,3,6,6,6,8,58,31.487,5254111,38,5,01:28.1,215.702,1
26272,1120,4,117,14,7,7,7,7,6,58,39.512,5262136,42,9,01:28.3,215.414,1
26273,1120,852,213,22,6,8,8,8,4,58,43.088,5265712,55,16,01:29.3,213,1
26274,1120,1,131,44,11,9,9,9,2,58,44.424,5267048,52,10,01:28.4,215.131,1
26275,1120,840,117,18,13,10,10,10,1,58,55.632,5278256,44,4,01:28.1,215.918,1
26276,1120,817,213,3,15,11,11,11,0,58,56.229,5278853,47,11,01:28.6,214.648,1
26277,1120,839,214,31,12,12,12,12,0,58,+1:06.373,5288997,34,20,01:30.0,211.162,1
26278,1120,842,214,10,10,13,13,13,0,58,+1:10.360,5292984,35,14,01:29.0,213.575,1
26279,1120,848,3,23,14,14,14,14,0,58,+1:13.184,5295808,45,3,01:27.8,216.422,1
26280,1120,807,210,27,8,15,15,15,0,58,+1:23.696,5306320,58,15,01:29.2,213.093,1
26281,1120,858,3,2,20,16,16,16,0,58,+1:27.791,5310415,43,12,01:28.6,214.626,1
26282,1120,855,51,24,19,17,17,17,0,58,+1:29.422,5312046,43,13,01:28.7,214.224,1
26283,1120,832,6,55,16,18,18,18,0,57,\N,\N,42,17,01:29.5,212.534,31
26284,1120,822,51,77,18,19,19,19,0,57,\N,\N,42,18,01:29.9,211.562,11
26285,1120,825,210,20,17,20,20,20,0,57,\N,\N,46,19,01:29.9,211.395,11
26286,1121,830,9,1,1,1,1,1,26,57,31:44.7,5504742,39,1,01:32.6,210.383,1
26287,1121,815,9,11,5,2,2,2,18,57,22.457,5527199,40,4,01:34.4,206.468,1
26288,1121,832,6,55,4,3,3,3,15,57,25.11,5529852,44,6,01:34.5,206.156,1
26289,1121,844,6,16,2,4,4,4,12,57,39.669,5544411,36,2,01:34.1,207.069,1
26290,1121,847,131,63,3,5,5,5,10,57,46.788,5551530,40,12,01:35.1,204.946,1
26291,1121,846,1,4,7,6,6,6,8,57,48.458,5553200,1,5,01:34.5,206.223,1
26292,1121,1,131,44,9,7,7,7,6,57,50.324,5555066,39,7,01:34.7,205.688,1
26293,1121,857,1,81,8,8,8,8,4,57,56.082,5560824,1,11,01:35.0,205.123,1
26294,1121,4,117,14,6,9,9,9,2,57,+1:14.887,5579629,48,3,01:34.2,206.83,1
26295,1121,840,117,18,12,10,10,10,1,57,+1:33.216,5597958,30,16,01:35.6,203.73,1
26296,1121,855,15,24,17,11,11,11,0,56,\N,\N,30,14,01:35.5,204.102,11
26297,1121,825,210,20,15,12,12,12,0,56,\N,\N,34,15,01:35.6,203.863,11
26298,1121,817,215,3,14,13,13,13,0,56,\N,\N,37,13,01:35.2,204.735,11
26299,1121,852,215,22,11,14,14,14,0,56,\N,\N,37,18,01:35.8,203.303,11
26300,1121,848,3,23,13,15,15,15,0,56,\N,\N,40,17,01:35.7,203.537,11
26301,1121,807,210,27,10,16,16,16,0,56,\N,\N,46,10,01:34.8,205.445,11
26302,1121,839,214,31,19,17,17,17,0,56,\N,\N,34,20,01:36.2,202.473,11
26303,1121,842,214,10,20,18,18,18,0,56,\N,\N,45,9,01:34.8,205.508,11
26304,1121,822,15,77,16,19,19,19,0,56,\N,\N,33,19,01:36.2,202.523,11
26305,1121,858,3,2,18,20,20,20,0,55,\N,\N,42,8,01:34.7,205.659,12
26306,1122,830,9,1,1,1,1,1,25,50,20:43.3,4843273,50,3,01:31.8,242.188,1
26307,1122,815,9,11,3,2,2,2,18,50,13.6431,4862704,37,8,01:32.3,240.876,1
26308,1122,844,6,16,2,3,3,3,16,50,18.639,4861912,50,1,01:31.6,242.561,1
26309,1122,857,1,81,5,4,4,4,12,50,32.007,4875280,1,10,01:32.3,240.779,1
26310,1122,4,117,14,4,5,5,5,10,50,35.759,4879032,43,13,01:32.4,240.579,1
26311,1122,847,131,63,7,6,6,6,8,50,39.936,4883209,42,7,01:32.3,240.926,1
26312,1122,860,6,38,11,7,7,7,6,50,42.679,4885952,50,5,01:32.2,241.103,1
26313,1122,846,1,4,6,8,8,8,4,50,45.708,4888981,1,4,01:31.9,241.738,1
26314,1122,1,131,44,8,9,9,9,2,50,47.391,4890664,38,2,01:31.7,242.26,1
26315,1122,807,210,27,15,10,10,10,1,50,+1:16.996,4920269,49,12,01:32.4,240.633,1
26316,1122,848,3,23,12,11,11,11,0,50,+1:28.354,4931627,50,9,01:32.3,240.787,1
26317,1122,825,210,20,13,12,12,12,0,50,+1:45.7373,4955646,47,11,01:32.3,240.706,1
26318,1122,839,214,31,17,13,13,13,0,49,\N,\N,48,17,01:33.5,237.763,11
26319,1122,858,3,2,19,14,14,14,0,49,\N,\N,44,18,01:33.5,237.657,11
26320,1122,852,215,22,9,15,15,15,0,49,\N,\N,49,15,01:33.0,238.926,11
26321,1122,817,215,3,14,16,16,16,0,49,\N,\N,47,16,01:33.3,238.166,11
26322,1122,822,15,77,16,17,17,17,0,49,\N,\N,49,14,01:32.7,239.751,11
26323,1122,855,15,24,20,18,18,18,0,49,\N,\N,49,6,01:32.2,241.046,11
26324,1122,840,117,18,10,\N,R,19,0,5,\N,\N,5,19,01:35.6,232.591,3
26325,1122,842,214,10,18,\N,R,20,0,1,\N,\N,\N,0,\N,\N,6
26326,1123,832,6,55,2,1,1,1,25,58,20:26.8,4826843,48,3,01:20.0,237.418,1
26327,1123,844,6,16,4,2,2,2,19,58,2.366,4829209,56,1,01:19.8,238.066,1
26328,1123,846,1,4,3,3,3,3,15,58,5.904,4832747,1,2,01:19.9,237.762,1
26329,1123,857,1,81,5,4,4,4,12,58,35.77,4862613,1,4,01:20.2,236.92,1
26330,1123,815,9,11,6,5,5,5,10,58,56.309,4883152,47,6,01:20.4,236.363,1
26331,1123,840,117,18,9,6,6,6,8,58,+1:33.222,4920065,49,8,01:20.9,234.78,1
26332,1123,852,215,22,8,7,7,7,6,58,+1:35.601,4922444,46,11,01:21.1,234.19,1
26333,1123,4,117,14,10,8,8,8,4,58,+1:40.992,4927835,52,7,01:20.5,236.055,1
26334,1123,807,210,27,16,9,9,9,2,58,+1:44.553,4931396,46,12,01:21.1,234.158,1
26335,1123,825,210,20,14,10,10,10,1,57,\N,\N,44,9,01:21.1,234.34,11
26336,1123,848,3,23,12,11,11,11,0,57,\N,\N,46,17,01:21.6,232.801,11
26337,1123,817,215,3,18,12,12,12,0,57,\N,\N,46,13,01:21.2,233.887,11
26338,1123,842,214,10,17,13,13,13,0,57,\N,\N,51,10,01:21.1,234.317,11
26339,1123,822,15,77,13,14,14,14,0,57,\N,\N,48,16,01:21.4,233.361,11
26340,1123,855,15,24,19,15,15,15,0,57,\N,\N,49,14,01:21.3,233.634,11
26341,1123,839,214,31,15,16,16,16,0,57,\N,\N,45,15,01:21.4,233.557,11
26342,1123,847,131,63,7,17,17,17,0,56,\N,\N,53,5,01:20.3,236.669,3
26343,1123,1,131,44,11,\N,R,18,0,15,\N,\N,11,18,01:22.4,230.469,5
26344,1123,830,9,1,1,\N,R,19,0,3,\N,\N,3,19,01:23.1,228.608,23
26345,1124,830,9,1,1,1,1,1,26,53,54:23.6,6863566,50,1,01:33.7,223.093,1
26346,1124,815,9,11,2,2,2,2,18,53,12.535,6876101,35,3,01:33.9,222.525,1
26347,1124,832,6,55,4,3,3,3,15,53,20.866,6884432,46,2,01:33.8,222.772,1
26348,1124,844,6,16,8,4,4,4,12,53,26.522,6890088,53,9,01:35.0,219.952,1
26349,1124,846,1,4,3,5,5,5,10,53,29.7,6893266,1,10,01:35.2,219.624,1
26350,1124,4,117,14,5,6,6,6,8,53,44.272,6907838,53,6,01:34.7,220.691,1
26351,1124,847,131,63,9,7,7,7,6,53,45.951,6909517,39,5,01:34.4,221.444,1
26352,1124,857,1,81,6,8,8,8,4,53,47.525,6911091,1,7,01:34.8,220.514,1
26353,1124,1,131,44,7,9,9,9,2,53,48.626,6912192,41,4,01:34.0,222.509,1
26354,1124,852,215,22,10,10,10,10,1,52,\N,\N,51,14,01:36.3,216.989,11
26355,1124,807,210,27,12,11,11,11,0,52,\N,\N,52,11,01:35.3,219.304,11
26356,1124,840,117,18,16,12,12,12,0,52,\N,\N,41,12,01:35.8,218.221,11
26357,1124,825,210,20,18,13,13,13,0,52,\N,\N,24,17,01:36.7,216.289,11
26358,1124,822,15,77,13,14,14,14,0,52,\N,\N,25,15,01:36.6,216.392,11
26359,1124,839,214,31,15,15,15,15,0,52,\N,\N,52,13,01:36.2,217.237,11
26360,1124,842,214,10,17,16,16,16,0,52,\N,\N,48,16,01:36.6,216.315,11
26361,1124,858,3,2,19,17,17,17,0,52,\N,\N,43,8,01:34.9,220.286,11
26362,1124,855,15,24,20,\N,R,18,0,12,\N,\N,9,18,01:37.2,215.162,6
26363,1124,817,215,3,11,\N,R,19,0,0,\N,\N,\N,0,\N,\N,3
26364,1124,848,3,23,14,\N,R,20,0,0,\N,\N,\N,0,\N,\N,3
26365,1125,830,9,1,1,1,1,1,25,56,40:52.6,6052554,33,2,01:38.4,199.414,1
26366,1125,846,1,4,4,2,2,2,18,56,13.773,6066327,1,4,01:38.8,198.717,1
26367,1125,815,9,11,2,3,3,3,15,56,19.16,6071714,33,7,01:39.4,197.444,1
26368,1125,844,6,16,6,4,4,4,12,56,23.623,6076177,33,6,01:39.4,197.452,1
26369,1125,832,6,55,7,5,5,5,10,56,33.983,6086537,19,10,01:39.8,196.7,1
26370,1125,847,131,63,8,6,6,6,8,56,38.724,6091278,39,11,01:40.1,196.016,1
26371,1125,4,117,14,3,7,7,7,7,56,43.414,6095968,45,1,01:37.8,200.629,1
26372,1125,857,1,81,5,8,8,8,4,56,56.198,6108752,1,9,01:39.7,196.749,1
26373,1125,1,131,44,18,9,9,9,2,56,57.986,6110540,34,14,01:40.8,194.61,1
26374,1125,807,210,27,9,10,10,10,1,56,+1:00.476,6113030,32,13,01:40.8,194.649,1
26375,1125,839,214,31,13,11,11,11,0,56,+1:02.812,6115366,33,15,01:40.9,194.414,1
26376,1125,848,3,23,14,12,12,12,0,56,+1:05.506,6118060,34,12,01:40.8,194.697,1
26377,1125,842,214,10,15,13,13,13,0,56,+1:09.223,6121777,40,5,01:39.2,197.822,1
26378,1125,855,15,24,16,14,14,14,0,56,+1:11.689,6124243,42,3,01:38.6,198.955,1
26379,1125,840,117,18,11,15,15,15,0,56,+1:22.786,6135340,37,8,01:39.4,197.333,1
26380,1125,825,210,20,17,16,16,16,0,56,+1:27.533,6140087,45,18,01:41.1,194.145,1
26381,1125,858,3,2,20,17,17,17,0,56,+1:35.110,6147664,14,17,01:41.0,194.293,1
26382,1125,817,215,3,12,\N,R,18,0,33,\N,\N,16,16,01:41.0,194.304,31
26383,1125,852,215,22,19,\N,R,19,0,26,\N,\N,11,20,01:41.6,193.158,31
26384,1125,822,15,77,10,\N,R,20,0,19,\N,\N,11,19,01:41.3,193.763,31
26385,1126,846,1,4,5,1,1,1,25,57,30:49.9,5449876,55,5,01:31.0,214.148,1
26386,1126,830,9,1,1,2,2,2,18,57,7.612,5457488,48,8,01:31.3,213.488,1
26387,1126,844,6,16,2,3,3,3,15,57,9.92,5459796,56,6,01:31.1,213.903,1
26388,1126,815,9,11,4,4,4,4,12,57,14.65,5464526,55,3,01:30.9,214.442,1
26389,1126,832,6,55,3,5,5,5,10,57,16.407,5466283,55,4,01:30.9,214.27,1
26390,1126,1,131,44,8,6,6,6,8,57,16.585,5466461,54,7,01:31.2,213.554,1
26391,1126,852,215,22,10,7,7,7,6,57,26.185,5476061,55,10,01:31.7,212.508,1
26392,1126,847,131,63,7,8,8,8,4,57,34.789,5484665,43,13,01:31.9,211.955,1
26393,1126,4,117,14,15,9,9,9,2,57,37.107,5486983,55,11,01:31.7,212.404,1
26394,1126,839,214,31,13,10,10,10,1,57,39.746,5489622,51,16,01:32.0,211.688,1
26395,1126,807,210,27,9,11,11,11,0,57,40.789,5490665,56,14,01:31.9,211.909,1
26396,1126,842,214,10,12,12,12,12,0,57,44.958,5494834,56,17,01:32.1,211.647,1
26397,1126,857,1,81,6,13,13,13,0,57,49.756,5499632,43,1,01:30.6,214.965,1
26398,1126,855,15,24,19,14,14,14,0,57,49.979,5499855,56,15,01:32.0,211.794,1
26399,1126,817,215,3,20,15,15,15,0,57,50.956,5500832,57,19,01:32.1,211.493,1
26400,1126,822,15,77,16,16,16,16,0,57,52.356,5502232,55,18,01:32.1,211.548,1
26401,1126,840,117,18,11,17,17,17,0,57,55.173,5505049,57,9,01:31.6,212.726,1
26402,1126,848,3,23,14,18,18,18,0,57,+1:16.091,5525967,55,2,01:30.8,214.456,1
26403,1126,825,210,20,18,19,19,19,0,57,+1:24.683,5534559,33,12,01:31.8,212.295,1
26404,1126,858,3,2,17,\N,R,20,0,27,\N,\N,15,20,01:33.5,208.483,4
26405,1127,830,9,1,1,1,1,1,25,63,25:25.3,5125252,38,9,01:20.4,219.898,1
26406,1127,846,1,4,2,2,2,2,18,63,0.725,5125977,54,6,01:20.0,220.921,1
26407,1127,844,6,16,3,3,3,3,15,63,7.916,5133168,27,5,01:19.9,221.084,1
26408,1127,857,1,81,5,4,4,4,12,63,14.132,5139384,25,4,01:19.9,221.162,1
26409,1127,832,6,55,4,5,5,5,10,63,22.325,5147577,63,7,01:20.2,220.299,1
26410,1127,1,131,44,8,6,6,6,8,63,35.104,5160356,43,8,01:20.3,219.994,1
26411,1127,847,131,63,6,7,7,7,7,63,47.154,5172406,54,1,01:18.6,224.871,1
26412,1127,815,9,11,11,8,8,8,4,63,54.776,5180028,52,3,01:19.7,221.775,1
26413,1127,840,117,18,13,9,9,9,2,63,+1:19.556,5204808,58,10,01:20.6,219.342,1
26414,1127,852,215,22,7,10,10,10,1,62,\N,\N,14,11,01:20.9,218.35,11
26415,1127,807,210,27,10,11,11,11,0,62,\N,\N,3,20,01:21.7,216.308,11
26416,1127,825,210,20,18,12,12,12,0,62,\N,\N,58,12,01:21.0,218.153,11
26417,1127,817,215,3,9,13,13,13,0,62,\N,\N,13,19,01:21.6,216.655,11
26418,1127,839,214,31,12,14,14,14,0,62,\N,\N,37,16,01:21.3,217.361,11
26419,1127,855,15,24,17,15,15,15,0,62,\N,\N,37,13,01:21.0,218.134,11
26420,1127,842,214,10,15,16,16,16,0,62,\N,\N,10,17,01:21.4,217.183,11
26421,1127,858,3,2,19,17,17,17,0,62,\N,\N,55,14,01:21.2,217.562,11
26422,1127,822,15,77,16,18,18,18,0,62,\N,\N,11,18,01:21.5,216.959,11
26423,1127,4,117,14,20,19,19,19,0,62,\N,\N,62,2,01:19.0,223.689,11
26424,1127,848,3,23,14,\N,R,20,0,51,\N,\N,48,15,01:21.3,217.442,31
26425,1128,844,6,16,1,1,1,1,25,78,23:15.6,8595554,\N,0,\N,\N,1
26426,1128,857,1,81,2,2,2,2,18,78,7.152,8602706,\N,0,\N,\N,1
26427,1128,832,6,55,3,3,3,3,15,78,7.585,8603139,\N,0,\N,\N,1
26428,1128,846,1,4,4,4,4,4,12,78,8.65,8604204,\N,0,\N,\N,1
26429,1128,847,131,63,5,5,5,5,10,78,13.309,8608863,\N,0,\N,\N,1
26430,1128,830,9,1,6,6,6,6,8,78,13.853,8609407,\N,0,\N,\N,1
26431,1128,1,131,44,7,7,7,7,7,78,14.908,8610462,\N,0,\N,\N,1
26432,1128,852,215,22,8,8,8,8,4,77,\N,\N,\N,0,\N,\N,11
26433,1128,848,3,23,9,9,9,9,2,77,\N,\N,\N,0,\N,\N,11
26434,1128,842,214,10,10,10,10,10,1,77,\N,\N,\N,0,\N,\N,11
26435,1128,4,117,14,14,11,11,11,0,76,\N,\N,\N,0,\N,\N,12
26436,1128,817,215,3,12,12,12,12,0,76,\N,\N,\N,0,\N,\N,12
26437,1128,822,15,77,17,13,13,13,0,76,\N,\N,\N,0,\N,\N,12
26438,1128,840,117,18,13,14,14,14,0,76,\N,\N,\N,0,\N,\N,12
26439,1128,858,3,2,15,15,15,15,0,76,\N,\N,\N,0,\N,\N,12
26440,1128,855,15,24,18,16,16,16,0,76,\N,\N,\N,0,\N,\N,12
26441,1128,839,214,31,11,\N,R,17,0,0,\N,\N,\N,0,\N,\N,4
26442,1128,815,9,11,16,\N,R,18,0,0,\N,\N,\N,0,\N,\N,4
26443,1128,807,210,27,19,\N,R,19,0,0,\N,\N,\N,0,\N,\N,4
26444,1128,825,210,20,20,\N,R,20,0,0,\N,\N,\N,0,\N,\N,4
26445,1129,830,9,1,2,1,1,1,25,70,45:47.9,6347927,70,4,01:15.6,207.751,1
26446,1129,846,1,4,3,2,2,2,18,70,3.879,6351806,67,3,01:15.6,207.782,1
26447,1129,847,131,63,1,3,3,3,15,70,4.317,6352244,70,2,01:14.9,209.621,1
26448,1129,1,131,44,7,4,4,4,13,70,4.915,6352842,70,1,01:14.9,209.73,1
26449,1129,857,1,81,4,5,5,5,10,70,10.199,6358126,65,5,01:16.2,205.904,1
26450,1129,4,117,14,6,6,6,6,8,70,17.51,6365437,70,6,01:16.3,205.753,1
26451,1129,840,117,18,9,7,7,7,6,70,23.625,6371552,70,9,01:16.8,204.523,1
26452,1129,817,215,3,5,8,8,8,4,70,28.672,6376599,68,12,01:17.1,203.689,1
26453,1129,842,214,10,15,9,9,9,2,70,30.021,6377948,70,11,01:17.0,203.856,1
26454,1129,839,214,31,18,10,10,10,1,70,30.313,6378240,70,10,01:17.0,203.859,1
26455,1129,807,210,27,17,11,11,11,0,70,30.824,6378751,67,8,01:16.7,204.733,1
26456,1129,825,210,20,14,12,12,12,0,70,31.253,6379180,68,7,01:16.5,205.226,1
26457,1129,822,15,77,0,13,13,13,0,70,40.487,6388414,65,13,01:17.3,203.231,1
26458,1129,852,215,22,8,14,14,14,0,70,52.694,6400621,70,14,01:17.3,203.075,1
26459,1129,855,15,24,0,15,15,15,0,69,\N,\N,68,15,01:17.3,203.033,11
26460,1129,832,6,55,12,\N,R,16,0,52,\N,\N,51,17,01:19.0,198.837,4
26461,1129,848,3,23,10,\N,R,17,0,52,\N,\N,51,18,01:19.4,197.83,4
26462,1129,815,9,11,16,\N,R,18,0,51,\N,\N,51,16,01:18.8,199.185,3
26463,1129,844,6,16,11,\N,R,19,0,40,\N,\N,39,19,01:26.0,182.528,5
26464,1129,858,3,2,13,\N,R,20,0,23,\N,\N,19,20,01:26.5,181.531,3
26465,1130,830,9,1,2,1,1,1,25,66,28:20.2,5300227,54,2,01:17.8,215.557,1
26466,1130,846,1,4,1,2,2,2,19,66,2.219,5302446,51,1,01:17.1,217.405,1
26467,1130,1,131,44,3,3,3,3,15,66,17.79,5318017,46,4,01:17.8,215.466,1
26468,1130,847,131,63,4,4,4,4,12,66,22.32,5322547,50,7,01:18.3,214.142,1
26469,1130,844,6,16,5,5,5,5,10,66,22.709,5322936,52,6,01:17.9,215.222,1
26470,1130,832,6,55,6,6,6,6,8,66,31.028,5331255,39,9,01:18.5,213.463,1
26471,1130,857,1,81,9,7,7,7,6,66,33.76,5333987,56,5,01:17.9,215.286,1
26472,1130,815,9,11,11,8,8,8,4,66,59.524,5359751,51,3,01:17.8,215.532,1
26473,1130,842,214,10,7,9,9,9,2,66,+1:02.025,5362252,51,13,01:19.0,212.096,1
26474,1130,839,214,31,8,10,10,10,1,66,+1:11.889,5372116,54,12,01:19.0,212.266,1
26475,1130,807,210,27,13,11,11,11,0,66,+1:19.215,5379442,49,10,01:18.6,213.273,1
26476,1130,4,117,14,10,12,12,12,0,65,\N,\N,50,8,01:18.3,214.022,11
26477,1130,855,15,24,15,13,13,13,0,65,\N,\N,50,11,01:18.8,212.834,11
26478,1130,840,117,18,14,14,14,14,0,65,\N,\N,50,15,01:19.3,211.366,11
26479,1130,817,215,3,18,15,15,15,0,65,\N,\N,61,17,01:19.5,211.015,11
26480,1130,822,15,77,12,16,16,16,0,65,\N,\N,13,18,01:19.6,210.596,11
26481,1130,825,210,20,16,17,17,17,0,65,\N,\N,33,19,01:19.8,210.077,11
26482,1130,848,3,23,0,18,18,18,0,65,\N,\N,45,14,01:19.1,211.863,11
26483,1130,852,215,22,17,19,19,19,0,65,\N,\N,56,16,01:19.4,211.023,11
26484,1130,858,3,2,19,20,20,20,0,64,\N,\N,38,20,01:20.2,209.115,12
26485,1131,847,131,63,3,1,1,1,25,71,24:22.8,5062798,48,5,01:09.2,224.752,1
26486,1131,857,1,81,7,2,2,2,18,71,1.906,5064704,56,4,01:08.7,226.28,1
26487,1131,832,6,55,4,3,3,3,15,71,4.533,5067331,56,6,01:09.3,224.369,1
26488,1131,1,131,44,5,4,4,4,12,71,23.142,5085940,61,7,01:09.6,223.466,1
26489,1131,830,9,1,1,5,5,5,10,71,37.253,5100051,68,2,01:07.7,229.548,1
26490,1131,807,210,27,9,6,6,6,8,71,54.088,5116886,51,14,01:10.2,221.388,1
26491,1131,815,9,11,8,7,7,7,6,71,54.672,5117470,56,11,01:09.7,223.043,1
26492,1131,825,210,20,12,8,8,8,4,71,+1:00.355,5123153,45,12,01:10.1,221.672,1
26493,1131,817,215,3,11,9,9,9,2,71,+1:01.169,5123967,49,18,01:10.4,220.725,1
26494,1131,842,214,10,13,10,10,10,1,71,+1:01.766,5124564,45,9,01:09.6,223.315,1
26495,1131,844,6,16,6,11,11,11,0,71,+1:07.056,5129854,55,8,01:09.6,223.396,1
26496,1131,839,214,31,10,12,12,12,0,71,+1:08.325,5131123,45,10,01:09.6,223.187,1
26497,1131,840,117,18,17,13,13,13,0,70,\N,\N,54,13,01:10.1,221.615,11
26498,1131,852,215,22,14,14,14,14,0,70,\N,\N,54,15,01:10.3,221.064,11
26499,1131,848,3,23,16,15,15,15,0,70,\N,\N,41,16,01:10.4,220.919,11
26500,1131,822,15,77,18,16,16,16,0,70,\N,\N,48,19,01:10.4,220.653,11
26501,1131,855,15,24,20,17,17,17,0,70,\N,\N,54,20,01:10.5,220.587,11
26502,1131,4,117,14,15,18,18,18,0,70,\N,\N,70,1,01:07.7,229.633,11
26503,1131,858,3,2,19,19,19,19,0,69,\N,\N,60,17,01:10.4,220.788,12
26504,1131,846,1,4,2,20,20,20,0,64,\N,\N,53,3,01:08.0,228.546,17
